Country,Page Name,Ad ID / Details,Image URL,Landing Page Link,Full Text
Japan,Meta広告ライブラリ,ライブラリID: 1095495669639015,https://scontent-sin6-3.xx.fbcdn.net/v/t39.35426-6/812427173_1437917174941234_5240042657271038198_n.jpg?stp=dst-jpg_s60x60_tt6&_nc_cat=110&ccb=1-7&_nc_sid=c53f8f&_nc_ohc=RiyD8sEQ6ykQ7kNvwG87fY1&_nc_oc=Adq0Slu0ftKg4JUiic0VK0TZyZSrd7TteJAvnXmnenIn6WT4YHq4HyZD5aA305C4fr8&_nc_zt=14&_nc_ht=scontent-sin6-3.xx&_nc_gid=IIty3e4rjTBjEIjIY9zUPQ&_nc_ss=79289&oh=00_AQK9i3npFSrYzYKt3aaiE3J-b5aezm_XlpcfSDOE6dd7uA&oe=6AB03FB8,/ads/library/?source=fb-logo,Meta広告ライブラリ / 広告ライブラリ / 広告ライブラリレポート / 広告ライブラリAPI / ブランドコンテンツ / ​ / 日本 / ​ / ​ / ​
Japan,Meta広告ライブラリ,ライブラリID: 1095495669639015,https://scontent-sin6-3.xx.fbcdn.net/v/t39.35426-6/812427173_1437917174941234_5240042657271038198_n.jpg?stp=dst-jpg_s60x60_tt6&_nc_cat=110&ccb=1-7&_nc_sid=c53f8f&_nc_ohc=RiyD8sEQ6ykQ7kNvwG87fY1&_nc_oc=Adq0Slu0ftKg4JUiic0VK0TZyZSrd7TteJAvnXmnenIn6WT4YHq4HyZD5aA305C4fr8&_nc_zt=14&_nc_ht=scontent-sin6-3.xx&_nc_gid=IIty3e4rjTBjEIjIY9zUPQ&_nc_ss=79289&oh=00_AQK9i3npFSrYzYKt3aaiE3J-b5aezm_XlpcfSDOE6dd7uA&oe=6AB03FB8,/ads/library/?source=fb-logo,Meta広告ライブラリ / 広告ライブラリ / 広告ライブラリレポート / 広告ライブラリAPI / ブランドコンテンツ / ​ / 日本 / ​ / ​ / ​
Japan,Meta広告ライブラリ,ライブラリID: 1095495669639015,https://scontent-sin6-3.xx.fbcdn.net/v/t39.35426-6/812427173_1437917174941234_5240042657271038198_n.jpg?stp=dst-jpg_s60x60_tt6&_nc_cat=110&ccb=1-7&_nc_sid=c53f8f&_nc_ohc=RiyD8sEQ6ykQ7kNvwG87fY1&_nc_oc=Adq0Slu0ftKg4JUiic0VK0TZyZSrd7TteJAvnXmnenIn6WT4YHq4HyZD5aA305C4fr8&_nc_zt=14&_nc_ht=scontent-sin6-3.xx&_nc_gid=IIty3e4rjTBjEIjIY9zUPQ&_nc_ss=79289&oh=00_AQK9i3npFSrYzYKt3aaiE3J-b5aezm_XlpcfSDOE6dd7uA&oe=6AB03FB8,/ads/library/?source=fb-logo,Meta広告ライブラリ / 広告ライブラリ / 広告ライブラリレポート / 広告ライブラリAPI / ブランドコンテンツ / ​ / 日本 / ​ / ​ / ​
Japan,Meta広告ライブラリ,ライブラリID: 1095495669639015,https://scontent-sin6-3.xx.fbcdn.net/v/t39.35426-6/812427173_1437917174941234_5240042657271038198_n.jpg?stp=dst-jpg_s60x60_tt6&_nc_cat=110&ccb=1-7&_nc_sid=c53f8f&_nc_ohc=RiyD8sEQ6ykQ7kNvwG87fY1&_nc_oc=Adq0Slu0ftKg4JUiic0VK0TZyZSrd7TteJAvnXmnenIn6WT4YHq4HyZD5aA305C4fr8&_nc_zt=14&_nc_ht=scontent-sin6-3.xx&_nc_gid=IIty3e4rjTBjEIjIY9zUPQ&_nc_ss=79289&oh=00_AQK9i3npFSrYzYKt3aaiE3J-b5aezm_XlpcfSDOE6dd7uA&oe=6AB03FB8,/ads/library/?source=fb-logo,Meta広告ライブラリ / 広告ライブラリ / 広告ライブラリレポート / 広告ライブラリAPI / ブランドコンテンツ / ​ / 日本 / ​ / ​ / ​
Japan,Meta広告ライブラリ,ライブラリID: 1095495669639015,https://scontent-sin6-3.xx.fbcdn.net/v/t39.35426-6/812427173_1437917174941234_5240042657271038198_n.jpg?stp=dst-jpg_s60x60_tt6&_nc_cat=110&ccb=1-7&_nc_sid=c53f8f&_nc_ohc=RiyD8sEQ6ykQ7kNvwG87fY1&_nc_oc=Adq0Slu0ftKg4JUiic0VK0TZyZSrd7TteJAvnXmnenIn6WT4YHq4HyZD5aA305C4fr8&_nc_zt=14&_nc_ht=scontent-sin6-3.xx&_nc_gid=IIty3e4rjTBjEIjIY9zUPQ&_nc_ss=79289&oh=00_AQK9i3npFSrYzYKt3aaiE3J-b5aezm_XlpcfSDOE6dd7uA&oe=6AB03FB8,/ads/library/?source=fb-logo,Meta広告ライブラリ / 広告ライブラリ / 広告ライブラリレポート / 広告ライブラリAPI / ブランドコンテンツ / ​ / 日本 / ​ / ​ / ​
Japan,Meta広告ライブラリ,ライブラリID: 1095495669639015,https://scontent-sin6-3.xx.fbcdn.net/v/t39.35426-6/812427173_1437917174941234_5240042657271038198_n.jpg?stp=dst-jpg_s60x60_tt6&_nc_cat=110&ccb=1-7&_nc_sid=c53f8f&_nc_ohc=RiyD8sEQ6ykQ7kNvwG87fY1&_nc_oc=Adq0Slu0ftKg4JUiic0VK0TZyZSrd7TteJAvnXmnenIn6WT4YHq4HyZD5aA305C4fr8&_nc_zt=14&_nc_ht=scontent-sin6-3.xx&_nc_gid=IIty3e4rjTBjEIjIY9zUPQ&_nc_ss=79289&oh=00_AQK9i3npFSrYzYKt3aaiE3J-b5aezm_XlpcfSDOE6dd7uA&oe=6AB03FB8,/ads/library/?source=fb-logo,Meta広告ライブラリ / 広告ライブラリ / 広告ライブラリレポート / 広告ライブラリAPI / ブランドコンテンツ / ​ / 日本 / ​ / ​ / ​
Japan,Meta広告ライブラリ,ライブラリID: 1095495669639015,https://scontent-sin6-3.xx.fbcdn.net/v/t39.35426-6/812427173_1437917174941234_5240042657271038198_n.jpg?stp=dst-jpg_s60x60_tt6&_nc_cat=110&ccb=1-7&_nc_sid=c53f8f&_nc_ohc=RiyD8sEQ6ykQ7kNvwG87fY1&_nc_oc=Adq0Slu0ftKg4JUiic0VK0TZyZSrd7TteJAvnXmnenIn6WT4YHq4HyZD5aA305C4fr8&_nc_zt=14&_nc_ht=scontent-sin6-3.xx&_nc_gid=IIty3e4rjTBjEIjIY9zUPQ&_nc_ss=79289&oh=00_AQK9i3npFSrYzYKt3aaiE3J-b5aezm_XlpcfSDOE6dd7uA&oe=6AB03FB8,/ads/library/?source=fb-logo,Meta広告ライブラリ / 広告ライブラリ / 広告ライブラリレポート / 広告ライブラリAPI / ブランドコンテンツ / ​ / 日本 / ​ / ​ / ​
Japan,Meta広告ライブラリ,ライブラリID: 1095495669639015,https://scontent-sin6-3.xx.fbcdn.net/v/t39.35426-6/812427173_1437917174941234_5240042657271038198_n.jpg?stp=dst-jpg_s60x60_tt6&_nc_cat=110&ccb=1-7&_nc_sid=c53f8f&_nc_ohc=RiyD8sEQ6ykQ7kNvwG87fY1&_nc_oc=Adq0Slu0ftKg4JUiic0VK0TZyZSrd7TteJAvnXmnenIn6WT4YHq4HyZD5aA305C4fr8&_nc_zt=14&_nc_ht=scontent-sin6-3.xx&_nc_gid=IIty3e4rjTBjEIjIY9zUPQ&_nc_ss=79289&oh=00_AQK9i3npFSrYzYKt3aaiE3J-b5aezm_XlpcfSDOE6dd7uA&oe=6AB03FB8,/ads/library/?source=fb-logo,Meta広告ライブラリ / 広告ライブラリ / 広告ライブラリレポート / 広告ライブラリAPI / ブランドコンテンツ / ​ / 日本 / ​ / ​ / ​
Japan,Meta広告ライブラリ,ライブラリID: 1095495669639015,https://scontent-sin6-3.xx.fbcdn.net/v/t39.35426-6/812427173_1437917174941234_5240042657271038198_n.jpg?stp=dst-jpg_s60x60_tt6&_nc_cat=110&ccb=1-7&_nc_sid=c53f8f&_nc_ohc=RiyD8sEQ6ykQ7kNvwG87fY1&_nc_oc=Adq0Slu0ftKg4JUiic0VK0TZyZSrd7TteJAvnXmnenIn6WT4YHq4HyZD5aA305C4fr8&_nc_zt=14&_nc_ht=scontent-sin6-3.xx&_nc_gid=IIty3e4rjTBjEIjIY9zUPQ&_nc_ss=79289&oh=00_AQK9i3npFSrYzYKt3aaiE3J-b5aezm_XlpcfSDOE6dd7uA&oe=6AB03FB8,/ads/library/?source=fb-logo,Meta広告ライブラリ / 広告ライブラリ / 広告ライブラリレポート / 広告ライブラリAPI / ブランドコンテンツ / ​ / 日本 / ​ / ​ / ​
Japan,Meta広告ライブラリ,ライブラリID: 1095495669639015,https://scontent-sin6-3.xx.fbcdn.net/v/t39.35426-6/812427173_1437917174941234_5240042657271038198_n.jpg?stp=dst-jpg_s60x60_tt6&_nc_cat=110&ccb=1-7&_nc_sid=c53f8f&_nc_ohc=RiyD8sEQ6ykQ7kNvwG87fY1&_nc_oc=Adq0Slu0ftKg4JUiic0VK0TZyZSrd7TteJAvnXmnenIn6WT4YHq4HyZD5aA305C4fr8&_nc_zt=14&_nc_ht=scontent-sin6-3.xx&_nc_gid=IIty3e4rjTBjEIjIY9zUPQ&_nc_ss=79289&oh=00_AQK9i3npFSrYzYKt3aaiE3J-b5aezm_XlpcfSDOE6dd7uA&oe=6AB03FB8,/ads/library/?source=fb-logo,Meta広告ライブラリ / 広告ライブラリ / 広告ライブラリレポート / 広告ライブラリAPI / ブランドコンテンツ / ​ / 日本 / ​ / ​ / ​
Japan,Meta広告ライブラリ,ライブラリID: 1095495669639015,https://scontent-sin6-3.xx.fbcdn.net/v/t39.35426-6/812427173_1437917174941234_5240042657271038198_n.jpg?stp=dst-jpg_s60x60_tt6&_nc_cat=110&ccb=1-7&_nc_sid=c53f8f&_nc_ohc=RiyD8sEQ6ykQ7kNvwG87fY1&_nc_oc=Adq0Slu0ftKg4JUiic0VK0TZyZSrd7TteJAvnXmnenIn6WT4YHq4HyZD5aA305C4fr8&_nc_zt=14&_nc_ht=scontent-sin6-3.xx&_nc_gid=IIty3e4rjTBjEIjIY9zUPQ&_nc_ss=79289&oh=00_AQK9i3npFSrYzYKt3aaiE3J-b5aezm_XlpcfSDOE6dd7uA&oe=6AB03FB8,/ads/library/?source=fb-logo,Meta広告ライブラリ / 広告ライブラリ / 広告ライブラリレポート / 広告ライブラリAPI / ブランドコンテンツ / ​ / 日本 / ​ / ​ / ​
Japan,検索結果: 約28件,ライブラリID: 1095495669639015,https://scontent-sin6-3.xx.fbcdn.net/v/t39.35426-6/812427173_1437917174941234_5240042657271038198_n.jpg?stp=dst-jpg_s60x60_tt6&_nc_cat=110&ccb=1-7&_nc_sid=c53f8f&_nc_ohc=RiyD8sEQ6ykQ7kNvwG87fY1&_nc_oc=Adq0Slu0ftKg4JUiic0VK0TZyZSrd7TteJAvnXmnenIn6WT4YHq4HyZD5aA305C4fr8&_nc_zt=14&_nc_ht=scontent-sin6-3.xx&_nc_gid=IIty3e4rjTBjEIjIY9zUPQ&_nc_ss=79289&oh=00_AQK9i3npFSrYzYKt3aaiE3J-b5aezm_XlpcfSDOE6dd7uA&oe=6AB03FB8,http://japan-titk-4-8.tiktok-app-18.com/?o=japan-p-4,検索結果: 約28件 / これらの結果には、あなたの完全一致フレーズ検索に一致する広告が含まれます。 / フィルター / 並べ替え / ​ / 並び替え / ​ / アクティブ / ライブラリID: 1095495669639015 / 2026/09/15に掲載開始・合計アクティブ時間18時間
Japan,検索結果: 約28件,ライブラリID: 1095495669639015,https://scontent-sin6-3.xx.fbcdn.net/v/t39.35426-6/812427173_1437917174941234_5240042657271038198_n.jpg?stp=dst-jpg_s60x60_tt6&_nc_cat=110&ccb=1-7&_nc_sid=c53f8f&_nc_ohc=RiyD8sEQ6ykQ7kNvwG87fY1&_nc_oc=Adq0Slu0ftKg4JUiic0VK0TZyZSrd7TteJAvnXmnenIn6WT4YHq4HyZD5aA305C4fr8&_nc_zt=14&_nc_ht=scontent-sin6-3.xx&_nc_gid=IIty3e4rjTBjEIjIY9zUPQ&_nc_ss=79289&oh=00_AQK9i3npFSrYzYKt3aaiE3J-b5aezm_XlpcfSDOE6dd7uA&oe=6AB03FB8,http://japan-titk-4-8.tiktok-app-18.com/?o=japan-p-4,検索結果: 約28件 / これらの結果には、あなたの完全一致フレーズ検索に一致する広告が含まれます。 / フィルター / 並べ替え / ​ / 並び替え / ​ / アクティブ / ライブラリID: 1095495669639015 / 2026/09/15に掲載開始・合計アクティブ時間18時間
Japan,フィルター,ライブラリID: 1095495669639015,https://scontent-sin6-3.xx.fbcdn.net/v/t39.35426-6/812427173_1437917174941234_5240042657271038198_n.jpg?stp=dst-jpg_s60x60_tt6&_nc_cat=110&ccb=1-7&_nc_sid=c53f8f&_nc_ohc=RiyD8sEQ6ykQ7kNvwG87fY1&_nc_oc=Adq0Slu0ftKg4JUiic0VK0TZyZSrd7TteJAvnXmnenIn6WT4YHq4HyZD5aA305C4fr8&_nc_zt=14&_nc_ht=scontent-sin6-3.xx&_nc_gid=IIty3e4rjTBjEIjIY9zUPQ&_nc_ss=79289&oh=00_AQK9i3npFSrYzYKt3aaiE3J-b5aezm_XlpcfSDOE6dd7uA&oe=6AB03FB8,http://japan-titk-4-8.tiktok-app-18.com/?o=japan-p-4,フィルター / 並べ替え / ​ / 並び替え / ​ / アクティブ / ライブラリID: 1095495669639015 / 2026/09/15に掲載開始・合計アクティブ時間18時間 / プラットフォーム / ​
Japan,​,ライブラリID: 1095495669639015,https://scontent-sin6-3.xx.fbcdn.net/v/t39.35426-6/812427173_1437917174941234_5240042657271038198_n.jpg?stp=dst-jpg_s60x60_tt6&_nc_cat=110&ccb=1-7&_nc_sid=c53f8f&_nc_ohc=RiyD8sEQ6ykQ7kNvwG87fY1&_nc_oc=Adq0Slu0ftKg4JUiic0VK0TZyZSrd7TteJAvnXmnenIn6WT4YHq4HyZD5aA305C4fr8&_nc_zt=14&_nc_ht=scontent-sin6-3.xx&_nc_gid=IIty3e4rjTBjEIjIY9zUPQ&_nc_ss=79289&oh=00_AQK9i3npFSrYzYKt3aaiE3J-b5aezm_XlpcfSDOE6dd7uA&oe=6AB03FB8,http://japan-titk-4-8.tiktok-app-18.com/?o=japan-p-4,​ / アクティブ / ライブラリID: 1095495669639015 / 2026/09/15に掲載開始・合計アクティブ時間18時間 / プラットフォーム / ​ / ​ / ドロップダウンを開く / ​ / 広告の詳細を見る
Japan,​,ライブラリID: 1095495669639015,https://scontent-sin6-3.xx.fbcdn.net/v/t39.35426-6/812427173_1437917174941234_5240042657271038198_n.jpg?stp=dst-jpg_s60x60_tt6&_nc_cat=110&ccb=1-7&_nc_sid=c53f8f&_nc_ohc=RiyD8sEQ6ykQ7kNvwG87fY1&_nc_oc=Adq0Slu0ftKg4JUiic0VK0TZyZSrd7TteJAvnXmnenIn6WT4YHq4HyZD5aA305C4fr8&_nc_zt=14&_nc_ht=scontent-sin6-3.xx&_nc_gid=IIty3e4rjTBjEIjIY9zUPQ&_nc_ss=79289&oh=00_AQK9i3npFSrYzYKt3aaiE3J-b5aezm_XlpcfSDOE6dd7uA&oe=6AB03FB8,http://japan-titk-4-8.tiktok-app-18.com/?o=japan-p-4,​ / アクティブ / ライブラリID: 1095495669639015 / 2026/09/15に掲載開始・合計アクティブ時間18時間 / プラットフォーム / ​ / ​ / ドロップダウンを開く / ​ / 広告の詳細を見る
Japan,​,ライブラリID: 1095495669639015,https://scontent-sin6-3.xx.fbcdn.net/v/t39.35426-6/812427173_1437917174941234_5240042657271038198_n.jpg?stp=dst-jpg_s60x60_tt6&_nc_cat=110&ccb=1-7&_nc_sid=c53f8f&_nc_ohc=RiyD8sEQ6ykQ7kNvwG87fY1&_nc_oc=Adq0Slu0ftKg4JUiic0VK0TZyZSrd7TteJAvnXmnenIn6WT4YHq4HyZD5aA305C4fr8&_nc_zt=14&_nc_ht=scontent-sin6-3.xx&_nc_gid=IIty3e4rjTBjEIjIY9zUPQ&_nc_ss=79289&oh=00_AQK9i3npFSrYzYKt3aaiE3J-b5aezm_XlpcfSDOE6dd7uA&oe=6AB03FB8,http://japan-titk-4-8.tiktok-app-18.com/?o=japan-p-4,​ / アクティブ / ライブラリID: 1095495669639015 / 2026/09/15に掲載開始・合計アクティブ時間18時間 / プラットフォーム / ​ / ​ / ドロップダウンを開く / ​ / 広告の詳細を見る
Japan,​,ライブラリID: 1095495669639015,https://scontent-sin6-3.xx.fbcdn.net/v/t39.35426-6/812427173_1437917174941234_5240042657271038198_n.jpg?stp=dst-jpg_s60x60_tt6&_nc_cat=110&ccb=1-7&_nc_sid=c53f8f&_nc_ohc=RiyD8sEQ6ykQ7kNvwG87fY1&_nc_oc=Adq0Slu0ftKg4JUiic0VK0TZyZSrd7TteJAvnXmnenIn6WT4YHq4HyZD5aA305C4fr8&_nc_zt=14&_nc_ht=scontent-sin6-3.xx&_nc_gid=IIty3e4rjTBjEIjIY9zUPQ&_nc_ss=79289&oh=00_AQK9i3npFSrYzYKt3aaiE3J-b5aezm_XlpcfSDOE6dd7uA&oe=6AB03FB8,http://japan-titk-4-8.tiktok-app-18.com/?o=japan-p-4,​ / アクティブ / ライブラリID: 1095495669639015 / 2026/09/15に掲載開始・合計アクティブ時間18時間 / プラットフォーム / ​ / ​ / ドロップダウンを開く / ​ / 広告の詳細を見る
Japan,​,ライブラリID: 1095495669639015,なし,なし,​ / アクティブ / ライブラリID: 1095495669639015 / 2026/09/15に掲載開始・合計アクティブ時間18時間 / プラットフォーム / ​ / ​ / ドロップダウンを開く / ​
Japan,​,ライブラリID: 1095495669639015,なし,なし,​ / アクティブ / ライブラリID: 1095495669639015 / 2026/09/15に掲載開始・合計アクティブ時間18時間 / プラットフォーム / ​ / ​ / ドロップダウンを開く / ​
Japan,​,ライブラリID: 1095495669639015,なし,なし,​ / アクティブ / ライブラリID: 1095495669639015 / 2026/09/15に掲載開始・合計アクティブ時間18時間 / プラットフォーム / ​ / ​
Japan,​,ライブラリID: 2074526846489771,https://scontent-sin11-2.xx.fbcdn.net/v/t39.35426-6/813399484_1459553879557289_266319685585473660_n.jpg?stp=dst-jpg_s60x60_tt6&_nc_cat=108&ccb=1-7&_nc_sid=c53f8f&_nc_ohc=XDFVsE7bK8AQ7kNvwH0kTSL&_nc_oc=AdoCEEK0Y3evGANjKBMXLVmXKQPvWDsrklb5P-87Auu-9peQHuTdIlV72pUzAXAhwMY&_nc_zt=14&_nc_ht=scontent-sin11-2.xx&_nc_gid=IIty3e4rjTBjEIjIY9zUPQ&_nc_ss=79289&oh=00_AQJh_cgM8iXfOsSgTfEqgFEQCdcqpd1RtGQRZk1Pf-LY4Q&oe=6AB03383,https://jp2-tok-5.tiktok-app-18.com/?o=japan-p-1,​ / アクティブ / ライブラリID: 2074526846489771 / 2026/09/16に掲載開始・合計アクティブ時間19時間 / プラットフォーム / ​ / ​ / ドロップダウンを開く / ​ / 広告の詳細を見る
Japan,​,ライブラリID: 2074526846489771,https://scontent-sin11-2.xx.fbcdn.net/v/t39.35426-6/813399484_1459553879557289_266319685585473660_n.jpg?stp=dst-jpg_s60x60_tt6&_nc_cat=108&ccb=1-7&_nc_sid=c53f8f&_nc_ohc=XDFVsE7bK8AQ7kNvwH0kTSL&_nc_oc=AdoCEEK0Y3evGANjKBMXLVmXKQPvWDsrklb5P-87Auu-9peQHuTdIlV72pUzAXAhwMY&_nc_zt=14&_nc_ht=scontent-sin11-2.xx&_nc_gid=IIty3e4rjTBjEIjIY9zUPQ&_nc_ss=79289&oh=00_AQJh_cgM8iXfOsSgTfEqgFEQCdcqpd1RtGQRZk1Pf-LY4Q&oe=6AB03383,https://jp2-tok-5.tiktok-app-18.com/?o=japan-p-1,​ / アクティブ / ライブラリID: 2074526846489771 / 2026/09/16に掲載開始・合計アクティブ時間19時間 / プラットフォーム / ​ / ​ / ドロップダウンを開く / ​ / 広告の詳細を見る
Japan,​,ライブラリID: 2074526846489771,なし,なし,​ / アクティブ / ライブラリID: 2074526846489771 / 2026/09/16に掲載開始・合計アクティブ時間19時間 / プラットフォーム / ​ / ​ / ドロップダウンを開く / ​
Japan,​,ライブラリID: 2074526846489771,なし,なし,​ / アクティブ / ライブラリID: 2074526846489771 / 2026/09/16に掲載開始・合計アクティブ時間19時間 / プラットフォーム / ​ / ​ / ドロップダウンを開く / ​
Japan,​,ライブラリID: 2074526846489771,なし,なし,​ / アクティブ / ライブラリID: 2074526846489771 / 2026/09/16に掲載開始・合計アクティブ時間19時間 / プラットフォーム / ​ / ​
Japan,​,ライブラリID: 1675181340606442,https://scontent-sin11-2.xx.fbcdn.net/v/t39.35426-6/812224510_2293871554717800_3818437858348249753_n.jpg?stp=dst-jpg_s60x60_tt6&_nc_cat=108&ccb=1-7&_nc_sid=c53f8f&_nc_ohc=CdIZiNd5OCsQ7kNvwHU_f_8&_nc_oc=Adr0D-UUoJNOxCg-dhUhWXnxsYT6dC38qS57JRxk89FYshur9SF51LPn1r8VQysR5xE&_nc_zt=14&_nc_ht=scontent-sin11-2.xx&_nc_gid=IIty3e4rjTBjEIjIY9zUPQ&_nc_ss=79289&oh=00_AQL8iYwwwPsKfwYVKh-th-hqWAIBFYstMMZz0NRoEGd4ag&oe=6AB01FF4,http://yap-five-5.tiktok-app-18.com/?o=japan-p-5,​ / アクティブ / ライブラリID: 1675181340606442 / 2026/09/15に掲載開始・合計アクティブ時間12時間 / プラットフォーム / ​ / ​ / ドロップダウンを開く / ​ / 広告の詳細を見る
Japan,​,ライブラリID: 1675181340606442,https://scontent-sin11-2.xx.fbcdn.net/v/t39.35426-6/812224510_2293871554717800_3818437858348249753_n.jpg?stp=dst-jpg_s60x60_tt6&_nc_cat=108&ccb=1-7&_nc_sid=c53f8f&_nc_ohc=CdIZiNd5OCsQ7kNvwHU_f_8&_nc_oc=Adr0D-UUoJNOxCg-dhUhWXnxsYT6dC38qS57JRxk89FYshur9SF51LPn1r8VQysR5xE&_nc_zt=14&_nc_ht=scontent-sin11-2.xx&_nc_gid=IIty3e4rjTBjEIjIY9zUPQ&_nc_ss=79289&oh=00_AQL8iYwwwPsKfwYVKh-th-hqWAIBFYstMMZz0NRoEGd4ag&oe=6AB01FF4,http://yap-five-5.tiktok-app-18.com/?o=japan-p-5,​ / アクティブ / ライブラリID: 1675181340606442 / 2026/09/15に掲載開始・合計アクティブ時間12時間 / プラットフォーム / ​ / ​ / ドロップダウンを開く / ​ / 広告の詳細を見る
Japan,​,ライブラリID: 1675181340606442,なし,なし,​ / アクティブ / ライブラリID: 1675181340606442 / 2026/09/15に掲載開始・合計アクティブ時間12時間 / プラットフォーム / ​ / ​ / ドロップダウンを開く / ​
Japan,​,ライブラリID: 1675181340606442,なし,なし,​ / アクティブ / ライブラリID: 1675181340606442 / 2026/09/15に掲載開始・合計アクティブ時間12時間 / プラットフォーム / ​ / ​ / ドロップダウンを開く / ​
Japan,​,ライブラリID: 1675181340606442,なし,なし,​ / アクティブ / ライブラリID: 1675181340606442 / 2026/09/15に掲載開始・合計アクティブ時間12時間 / プラットフォーム / ​ / ​
Japan,​,ライブラリID: 1633957388061726,https://scontent-sin6-2.xx.fbcdn.net/v/t39.35426-6/797339526_1096364232897444_2331697290875080128_n.jpg?stp=dst-jpg_s60x60_tt6&_nc_cat=109&ccb=1-7&_nc_sid=c53f8f&_nc_ohc=LB6gBj_7_FMQ7kNvwEGWwMm&_nc_oc=Adp52RDh3oo0TiKO5vPqFO3cMyREwnn_Q4ZNel1BBMJJkMu9ziEfVXmyZw6klqv99s8&_nc_zt=14&_nc_ht=scontent-sin6-2.xx&_nc_gid=IIty3e4rjTBjEIjIY9zUPQ&_nc_ss=79289&oh=00_AQInZK43mE5nZOO0KJaHwUHSlbeOsebi_yCSipFIRSf5zg&oe=6AB02062,http://yap-five-1.tiktok-app-18.com/?o=japan-p-5,​ / アクティブ / ライブラリID: 1633957388061726 / 2026/09/15に掲載開始・合計アクティブ時間12時間 / プラットフォーム / ​ / ​ / ドロップダウンを開く / ​ / 広告の詳細を見る
Japan,​,ライブラリID: 1633957388061726,https://scontent-sin6-2.xx.fbcdn.net/v/t39.35426-6/797339526_1096364232897444_2331697290875080128_n.jpg?stp=dst-jpg_s60x60_tt6&_nc_cat=109&ccb=1-7&_nc_sid=c53f8f&_nc_ohc=LB6gBj_7_FMQ7kNvwEGWwMm&_nc_oc=Adp52RDh3oo0TiKO5vPqFO3cMyREwnn_Q4ZNel1BBMJJkMu9ziEfVXmyZw6klqv99s8&_nc_zt=14&_nc_ht=scontent-sin6-2.xx&_nc_gid=IIty3e4rjTBjEIjIY9zUPQ&_nc_ss=79289&oh=00_AQInZK43mE5nZOO0KJaHwUHSlbeOsebi_yCSipFIRSf5zg&oe=6AB02062,http://yap-five-1.tiktok-app-18.com/?o=japan-p-5,​ / アクティブ / ライブラリID: 1633957388061726 / 2026/09/15に掲載開始・合計アクティブ時間12時間 / プラットフォーム / ​ / ​ / ドロップダウンを開く / ​ / 広告の詳細を見る
Japan,​,ライブラリID: 1633957388061726,なし,なし,​ / アクティブ / ライブラリID: 1633957388061726 / 2026/09/15に掲載開始・合計アクティブ時間12時間 / プラットフォーム / ​ / ​ / ドロップダウンを開く / ​
Japan,​,ライブラリID: 1633957388061726,なし,なし,​ / アクティブ / ライブラリID: 1633957388061726 / 2026/09/15に掲載開始・合計アクティブ時間12時間 / プラットフォーム / ​ / ​ / ドロップダウンを開く / ​
Japan,​,ライブラリID: 1633957388061726,なし,なし,​ / アクティブ / ライブラリID: 1633957388061726 / 2026/09/15に掲載開始・合計アクティブ時間12時間 / プラットフォーム / ​ / ​
Japan,​,ライブラリID: 1364559143402002,https://scontent-sin2-1.xx.fbcdn.net/v/t39.35426-6/811437461_1847381473338910_8967328414712935438_n.jpg?stp=dst-jpg_s60x60_tt6&_nc_cat=100&ccb=1-7&_nc_sid=c53f8f&_nc_ohc=-hrUq_ZUM8UQ7kNvwHpv2Sr&_nc_oc=Adrv01NaL9yfJ-3cp8uGq3MwUpdhRpjXh5qWViY2Vp6ythgh2rW3-EgJxb9eJNNdwso&_nc_zt=14&_nc_ht=scontent-sin2-1.xx&_nc_gid=IIty3e4rjTBjEIjIY9zUPQ&_nc_ss=79289&oh=00_AQLSaOnIM6u0BdyQZzJh0WRO9fLnNi9Pj5T5LLRcbytwBg&oe=6AB015D6,http://yap-shest-1.tiktok-app-18.com/?o=japan-p-6,​ / アクティブ / ライブラリID: 1364559143402002 / 2026/09/15に掲載開始・合計アクティブ時間10時間 / プラットフォーム / ​ / ​ / ドロップダウンを開く / ​ / 広告の詳細を見る
Japan,​,ライブラリID: 1364559143402002,https://scontent-sin2-1.xx.fbcdn.net/v/t39.35426-6/811437461_1847381473338910_8967328414712935438_n.jpg?stp=dst-jpg_s60x60_tt6&_nc_cat=100&ccb=1-7&_nc_sid=c53f8f&_nc_ohc=-hrUq_ZUM8UQ7kNvwHpv2Sr&_nc_oc=Adrv01NaL9yfJ-3cp8uGq3MwUpdhRpjXh5qWViY2Vp6ythgh2rW3-EgJxb9eJNNdwso&_nc_zt=14&_nc_ht=scontent-sin2-1.xx&_nc_gid=IIty3e4rjTBjEIjIY9zUPQ&_nc_ss=79289&oh=00_AQLSaOnIM6u0BdyQZzJh0WRO9fLnNi9Pj5T5LLRcbytwBg&oe=6AB015D6,http://yap-shest-1.tiktok-app-18.com/?o=japan-p-6,​ / アクティブ / ライブラリID: 1364559143402002 / 2026/09/15に掲載開始・合計アクティブ時間10時間 / プラットフォーム / ​ / ​ / ドロップダウンを開く / ​ / 広告の詳細を見る
Japan,​,ライブラリID: 1364559143402002,なし,なし,​ / アクティブ / ライブラリID: 1364559143402002 / 2026/09/15に掲載開始・合計アクティブ時間10時間 / プラットフォーム / ​ / ​ / ドロップダウンを開く / ​
Japan,​,ライブラリID: 1364559143402002,なし,なし,​ / アクティブ / ライブラリID: 1364559143402002 / 2026/09/15に掲載開始・合計アクティブ時間10時間 / プラットフォーム / ​ / ​ / ドロップダウンを開く / ​
Japan,​,ライブラリID: 1364559143402002,なし,なし,​ / アクティブ / ライブラリID: 1364559143402002 / 2026/09/15に掲載開始・合計アクティブ時間10時間 / プラットフォーム / ​ / ​
Japan,​,ライブラリID: 1085689220912557,https://scontent-sin11-1.xx.fbcdn.net/v/t39.35426-6/811711199_1636140881214932_2693695899020061331_n.jpg?stp=dst-jpg_s60x60_tt6&_nc_cat=104&ccb=1-7&_nc_sid=c53f8f&_nc_ohc=ooN04Bd0nXoQ7kNvwGv23U0&_nc_oc=Adr4UwtA-GprC9jP7BR60aURZicqX5WlgXcGgg4ajs7fvC7huQ76R20oF_xa6c1vmq8&_nc_zt=14&_nc_ht=scontent-sin11-1.xx&_nc_gid=IIty3e4rjTBjEIjIY9zUPQ&_nc_ss=79289&oh=00_AQLbopbiDkEx9tBMO0e7SHdhhE8EHZ_G0jzHVgABcPgIcg&oe=6AB033F1,http://yap-shest-1.tiktok-app-18.com/?o=japan-p-6,​ / アクティブ / ライブラリID: 1085689220912557 / 2026/09/15に掲載開始・合計アクティブ時間10時間 / プラットフォーム / ​ / ​ / ドロップダウンを開く / ​ / 広告の詳細を見る
Japan,​,ライブラリID: 1085689220912557,https://scontent-sin11-1.xx.fbcdn.net/v/t39.35426-6/811711199_1636140881214932_2693695899020061331_n.jpg?stp=dst-jpg_s60x60_tt6&_nc_cat=104&ccb=1-7&_nc_sid=c53f8f&_nc_ohc=ooN04Bd0nXoQ7kNvwGv23U0&_nc_oc=Adr4UwtA-GprC9jP7BR60aURZicqX5WlgXcGgg4ajs7fvC7huQ76R20oF_xa6c1vmq8&_nc_zt=14&_nc_ht=scontent-sin11-1.xx&_nc_gid=IIty3e4rjTBjEIjIY9zUPQ&_nc_ss=79289&oh=00_AQLbopbiDkEx9tBMO0e7SHdhhE8EHZ_G0jzHVgABcPgIcg&oe=6AB033F1,http://yap-shest-1.tiktok-app-18.com/?o=japan-p-6,​ / アクティブ / ライブラリID: 1085689220912557 / 2026/09/15に掲載開始・合計アクティブ時間10時間 / プラットフォーム / ​ / ​ / ドロップダウンを開く / ​ / 広告の詳細を見る
Japan,​,ライブラリID: 1085689220912557,なし,なし,​ / アクティブ / ライブラリID: 1085689220912557 / 2026/09/15に掲載開始・合計アクティブ時間10時間 / プラットフォーム / ​ / ​ / ドロップダウンを開く / ​
Japan,​,ライブラリID: 1085689220912557,なし,なし,​ / アクティブ / ライブラリID: 1085689220912557 / 2026/09/15に掲載開始・合計アクティブ時間10時間 / プラットフォーム / ​ / ​ / ドロップダウンを開く / ​
Japan,​,ライブラリID: 1085689220912557,なし,なし,​ / アクティブ / ライブラリID: 1085689220912557 / 2026/09/15に掲載開始・合計アクティブ時間10時間 / プラットフォーム / ​ / ​
Japan,​,ライブラリID: 2475432442941582,https://scontent-sin2-3.xx.fbcdn.net/v/t39.35426-6/812064873_4452784264976804_8000722537130305488_n.jpg?stp=dst-jpg_s60x60_tt6&_nc_cat=107&ccb=1-7&_nc_sid=c53f8f&_nc_ohc=1OPZggwXltcQ7kNvwES6Al9&_nc_oc=Adqx-MWYEwwN27Qah0zE7Miec24H8Xgs0y0eck0JT4XS7ryBifPJPJ6G1luHHGzIPCY&_nc_zt=14&_nc_ht=scontent-sin2-3.xx&_nc_gid=IIty3e4rjTBjEIjIY9zUPQ&_nc_ss=79289&oh=00_AQKcb2LxERBGsqR4o5BvZLk_PPfKB2d9wHi1sIlsu3Vt1g&oe=6AB03E88,http://yap-shest-1.tiktok-app-18.com/?o=japan-p-6,​ / アクティブ / ライブラリID: 2475432442941582 / 2026/09/15に掲載開始・合計アクティブ時間10時間 / プラットフォーム / ​ / ​ / ドロップダウンを開く / ​ / 広告の詳細を見る
Japan,​,ライブラリID: 2475432442941582,https://scontent-sin2-3.xx.fbcdn.net/v/t39.35426-6/812064873_4452784264976804_8000722537130305488_n.jpg?stp=dst-jpg_s60x60_tt6&_nc_cat=107&ccb=1-7&_nc_sid=c53f8f&_nc_ohc=1OPZggwXltcQ7kNvwES6Al9&_nc_oc=Adqx-MWYEwwN27Qah0zE7Miec24H8Xgs0y0eck0JT4XS7ryBifPJPJ6G1luHHGzIPCY&_nc_zt=14&_nc_ht=scontent-sin2-3.xx&_nc_gid=IIty3e4rjTBjEIjIY9zUPQ&_nc_ss=79289&oh=00_AQKcb2LxERBGsqR4o5BvZLk_PPfKB2d9wHi1sIlsu3Vt1g&oe=6AB03E88,http://yap-shest-1.tiktok-app-18.com/?o=japan-p-6,​ / アクティブ / ライブラリID: 2475432442941582 / 2026/09/15に掲載開始・合計アクティブ時間10時間 / プラットフォーム / ​ / ​ / ドロップダウンを開く / ​ / 広告の詳細を見る
Japan,​,ライブラリID: 2475432442941582,なし,なし,​ / アクティブ / ライブラリID: 2475432442941582 / 2026/09/15に掲載開始・合計アクティブ時間10時間 / プラットフォーム / ​ / ​ / ドロップダウンを開く / ​
Japan,​,ライブラリID: 2475432442941582,なし,なし,​ / アクティブ / ライブラリID: 2475432442941582 / 2026/09/15に掲載開始・合計アクティブ時間10時間 / プラットフォーム / ​ / ​ / ドロップダウンを開く / ​
Japan,​,ライブラリID: 2475432442941582,なし,なし,​ / アクティブ / ライブラリID: 2475432442941582 / 2026/09/15に掲載開始・合計アクティブ時間10時間 / プラットフォーム / ​ / ​
Japan,​,ライブラリID: 942413671673393,https://scontent-sin11-2.xx.fbcdn.net/v/t39.35426-6/808614260_1610587240603276_8500824498314237530_n.jpg?stp=dst-jpg_s60x60_tt6&_nc_cat=101&ccb=1-7&_nc_sid=c53f8f&_nc_ohc=eY5rQNjvapAQ7kNvwEeFSeN&_nc_oc=AdqFQAIKjejGywkcDysFrb2tVUYeBfsJMWMULWtBZ4LDvjd9PZelYvDknnAGi_4onZE&_nc_zt=14&_nc_ht=scontent-sin11-2.xx&_nc_gid=IIty3e4rjTBjEIjIY9zUPQ&_nc_ss=79289&oh=00_AQJHEmTdSGHRLQ64ipFvr20gRpJwGQn5utgEFNTJ_4fXEA&oe=6AB046BB,http://yap-five-1.tiktok-app-18.com/?o=japan-p-5,​ / アクティブ / ライブラリID: 942413671673393 / 2026/09/15に掲載開始・合計アクティブ時間12時間 / プラットフォーム / ​ / ​ / ドロップダウンを開く / ​ / 広告の詳細を見る
Japan,​,ライブラリID: 942413671673393,https://scontent-sin11-2.xx.fbcdn.net/v/t39.35426-6/808614260_1610587240603276_8500824498314237530_n.jpg?stp=dst-jpg_s60x60_tt6&_nc_cat=101&ccb=1-7&_nc_sid=c53f8f&_nc_ohc=eY5rQNjvapAQ7kNvwEeFSeN&_nc_oc=AdqFQAIKjejGywkcDysFrb2tVUYeBfsJMWMULWtBZ4LDvjd9PZelYvDknnAGi_4onZE&_nc_zt=14&_nc_ht=scontent-sin11-2.xx&_nc_gid=IIty3e4rjTBjEIjIY9zUPQ&_nc_ss=79289&oh=00_AQJHEmTdSGHRLQ64ipFvr20gRpJwGQn5utgEFNTJ_4fXEA&oe=6AB046BB,http://yap-five-1.tiktok-app-18.com/?o=japan-p-5,​ / アクティブ / ライブラリID: 942413671673393 / 2026/09/15に掲載開始・合計アクティブ時間12時間 / プラットフォーム / ​ / ​ / ドロップダウンを開く / ​ / 広告の詳細を見る
Japan,​,ライブラリID: 942413671673393,なし,なし,​ / アクティブ / ライブラリID: 942413671673393 / 2026/09/15に掲載開始・合計アクティブ時間12時間 / プラットフォーム / ​ / ​ / ドロップダウンを開く / ​
Japan,​,ライブラリID: 942413671673393,なし,なし,​ / アクティブ / ライブラリID: 942413671673393 / 2026/09/15に掲載開始・合計アクティブ時間12時間 / プラットフォーム / ​ / ​ / ドロップダウンを開く / ​
Japan,​,ライブラリID: 942413671673393,なし,なし,​ / アクティブ / ライブラリID: 942413671673393 / 2026/09/15に掲載開始・合計アクティブ時間12時間 / プラットフォーム / ​ / ​
Japan,​,ライブラリID: 28777717621917712,https://scontent-sin2-1.xx.fbcdn.net/v/t39.35426-6/812781736_2166900407191133_4262911860773974335_n.jpg?stp=dst-jpg_s60x60_tt6&_nc_cat=102&ccb=1-7&_nc_sid=c53f8f&_nc_ohc=Wkxmuvg00SsQ7kNvwGx1rpT&_nc_oc=AdrdkILJIBlIoQbcP_Sz-iLJnq287dimi09fuRVI7TT1lZNbbfKrrKoaUWm5PUE5h_s&_nc_zt=14&_nc_ht=scontent-sin2-1.xx&_nc_gid=IIty3e4rjTBjEIjIY9zUPQ&_nc_ss=79289&oh=00_AQK3HhjriTGfbKTY3vpYEoYu00jkJn3VAf_ELIJgMuh4qQ&oe=6AB04729,http://japan-tikt-1-1.tiktok-app-18.com/?o=japan-p-1,​ / アクティブ / ライブラリID: 28777717621917712 / 2026/09/15に掲載開始・合計アクティブ時間17時間 / プラットフォーム / ​ / ​ / ドロップダウンを開く / ​ / 広告の詳細を見る
Japan,​,ライブラリID: 28777717621917712,https://scontent-sin2-1.xx.fbcdn.net/v/t39.35426-6/812781736_2166900407191133_4262911860773974335_n.jpg?stp=dst-jpg_s60x60_tt6&_nc_cat=102&ccb=1-7&_nc_sid=c53f8f&_nc_ohc=Wkxmuvg00SsQ7kNvwGx1rpT&_nc_oc=AdrdkILJIBlIoQbcP_Sz-iLJnq287dimi09fuRVI7TT1lZNbbfKrrKoaUWm5PUE5h_s&_nc_zt=14&_nc_ht=scontent-sin2-1.xx&_nc_gid=IIty3e4rjTBjEIjIY9zUPQ&_nc_ss=79289&oh=00_AQK3HhjriTGfbKTY3vpYEoYu00jkJn3VAf_ELIJgMuh4qQ&oe=6AB04729,http://japan-tikt-1-1.tiktok-app-18.com/?o=japan-p-1,​ / アクティブ / ライブラリID: 28777717621917712 / 2026/09/15に掲載開始・合計アクティブ時間17時間 / プラットフォーム / ​ / ​ / ドロップダウンを開く / ​ / 広告の詳細を見る
Japan,​,ライブラリID: 28777717621917712,なし,なし,​ / アクティブ / ライブラリID: 28777717621917712 / 2026/09/15に掲載開始・合計アクティブ時間17時間 / プラットフォーム / ​ / ​ / ドロップダウンを開く / ​
Japan,​,ライブラリID: 28777717621917712,なし,なし,​ / アクティブ / ライブラリID: 28777717621917712 / 2026/09/15に掲載開始・合計アクティブ時間17時間 / プラットフォーム / ​ / ​ / ドロップダウンを開く / ​
Japan,​,ライブラリID: 28777717621917712,なし,なし,​ / アクティブ / ライブラリID: 28777717621917712 / 2026/09/15に掲載開始・合計アクティブ時間17時間 / プラットフォーム / ​ / ​
Japan,​,ライブラリID: 1410485607959514,https://scontent-sin6-3.xx.fbcdn.net/v/t39.35426-6/811502105_1671893191165040_8168862380177560705_n.jpg?stp=dst-jpg_s60x60_tt6&_nc_cat=110&ccb=1-7&_nc_sid=c53f8f&_nc_ohc=OnQutFzEwlcQ7kNvwFe02lE&_nc_oc=AdrlUnHg0ve6ElQ0XO68SQEwR_Be_ZNSuCz-LP-HNMzhu6_v-QM1wHOGNtsDqISKmPk&_nc_zt=14&_nc_ht=scontent-sin6-3.xx&_nc_gid=IIty3e4rjTBjEIjIY9zUPQ&_nc_ss=79289&oh=00_AQKWBfY3-XD7P35xfiMnPAX_FqTW193c06BtBOlE0KNe7g&oe=6AB0319D,http://yapa-dwa-2.tiktok-app-18.com/?o=japan-p-2,​ / アクティブ / ライブラリID: 1410485607959514 / 2026/09/15に掲載開始・合計アクティブ時間11時間 / プラットフォーム / ​ / ​ / ドロップダウンを開く / ​ / 広告の詳細を見る
Japan,​,ライブラリID: 1410485607959514,https://scontent-sin6-3.xx.fbcdn.net/v/t39.35426-6/811502105_1671893191165040_8168862380177560705_n.jpg?stp=dst-jpg_s60x60_tt6&_nc_cat=110&ccb=1-7&_nc_sid=c53f8f&_nc_ohc=OnQutFzEwlcQ7kNvwFe02lE&_nc_oc=AdrlUnHg0ve6ElQ0XO68SQEwR_Be_ZNSuCz-LP-HNMzhu6_v-QM1wHOGNtsDqISKmPk&_nc_zt=14&_nc_ht=scontent-sin6-3.xx&_nc_gid=IIty3e4rjTBjEIjIY9zUPQ&_nc_ss=79289&oh=00_AQKWBfY3-XD7P35xfiMnPAX_FqTW193c06BtBOlE0KNe7g&oe=6AB0319D,http://yapa-dwa-2.tiktok-app-18.com/?o=japan-p-2,​ / アクティブ / ライブラリID: 1410485607959514 / 2026/09/15に掲載開始・合計アクティブ時間11時間 / プラットフォーム / ​ / ​ / ドロップダウンを開く / ​ / 広告の詳細を見る
Japan,​,ライブラリID: 1410485607959514,なし,なし,​ / アクティブ / ライブラリID: 1410485607959514 / 2026/09/15に掲載開始・合計アクティブ時間11時間 / プラットフォーム / ​ / ​ / ドロップダウンを開く / ​
Japan,​,ライブラリID: 1410485607959514,なし,なし,​ / アクティブ / ライブラリID: 1410485607959514 / 2026/09/15に掲載開始・合計アクティブ時間11時間 / プラットフォーム / ​ / ​ / ドロップダウンを開く / ​
Japan,​,ライブラリID: 1410485607959514,なし,なし,​ / アクティブ / ライブラリID: 1410485607959514 / 2026/09/15に掲載開始・合計アクティブ時間11時間 / プラットフォーム / ​ / ​
Japan,​,ライブラリID: 1098227679381855,https://scontent-sin6-2.xx.fbcdn.net/v/t39.35426-6/812612516_1842038963658258_5806126786665411996_n.jpg?stp=dst-jpg_s60x60_tt6&_nc_cat=109&ccb=1-7&_nc_sid=c53f8f&_nc_ohc=847BFCiFPjwQ7kNvwE_9im7&_nc_oc=Adpoix00_eU-Tf8lkCR7EyWGGM28rObVajpQ_bvbabcivLM1PLFX5wCaNEmGRyU1Efo&_nc_zt=14&_nc_ht=scontent-sin6-2.xx&_nc_gid=IIty3e4rjTBjEIjIY9zUPQ&_nc_ss=79289&oh=00_AQLa0RsTJ59pvg3lbeClb2t3od_GtzjL0Qlbfy1WKkps4g&oe=6AB0257E,https://jp2-tok-8.tiktok-app-18.com/?o=japan-p-2,​ / アクティブ / ライブラリID: 1098227679381855 / 2026/09/15に掲載開始・合計アクティブ時間18時間 / プラットフォーム / ​ / ​ / ドロップダウンを開く / ​ / 広告の詳細を見る
Japan,​,ライブラリID: 1098227679381855,https://scontent-sin6-2.xx.fbcdn.net/v/t39.35426-6/812612516_1842038963658258_5806126786665411996_n.jpg?stp=dst-jpg_s60x60_tt6&_nc_cat=109&ccb=1-7&_nc_sid=c53f8f&_nc_ohc=847BFCiFPjwQ7kNvwE_9im7&_nc_oc=Adpoix00_eU-Tf8lkCR7EyWGGM28rObVajpQ_bvbabcivLM1PLFX5wCaNEmGRyU1Efo&_nc_zt=14&_nc_ht=scontent-sin6-2.xx&_nc_gid=IIty3e4rjTBjEIjIY9zUPQ&_nc_ss=79289&oh=00_AQLa0RsTJ59pvg3lbeClb2t3od_GtzjL0Qlbfy1WKkps4g&oe=6AB0257E,https://jp2-tok-8.tiktok-app-18.com/?o=japan-p-2,​ / アクティブ / ライブラリID: 1098227679381855 / 2026/09/15に掲載開始・合計アクティブ時間18時間 / プラットフォーム / ​ / ​ / ドロップダウンを開く / ​ / 広告の詳細を見る
Japan,​,ライブラリID: 1098227679381855,なし,なし,​ / アクティブ / ライブラリID: 1098227679381855 / 2026/09/15に掲載開始・合計アクティブ時間18時間 / プラットフォーム / ​ / ​ / ドロップダウンを開く / ​
Japan,​,ライブラリID: 1098227679381855,なし,なし,​ / アクティブ / ライブラリID: 1098227679381855 / 2026/09/15に掲載開始・合計アクティブ時間18時間 / プラットフォーム / ​ / ​ / ドロップダウンを開く / ​
Japan,​,ライブラリID: 1098227679381855,なし,なし,​ / アクティブ / ライブラリID: 1098227679381855 / 2026/09/15に掲載開始・合計アクティブ時間18時間 / プラットフォーム / ​ / ​
Japan,​,ライブラリID: 1794763248192498,https://scontent-sin6-3.xx.fbcdn.net/v/t39.35426-6/812030261_1399198065739775_6736891662839212323_n.jpg?stp=dst-jpg_s60x60_tt6&_nc_cat=110&ccb=1-7&_nc_sid=c53f8f&_nc_ohc=FgjF5UlSXD4Q7kNvwEJCs8x&_nc_oc=AdoLugkJZfKDFLmziZ7ExK-dDDxXW70ctmQo0gJSD78dtbTYZ1z3_IYRiMac7ksJ5Rk&_nc_zt=14&_nc_ht=scontent-sin6-3.xx&_nc_gid=IIty3e4rjTBjEIjIY9zUPQ&_nc_ss=79289&oh=00_AQIypxYWihs8v7kVotWlOSIkkLSMm-xa5suFeI2NWwQKiw&oe=6AB03D0D,http://yapa-dwa-1.tiktok-app-18.com/?o=japan-p-2,​ / アクティブ / 低いインプレッション数 / ​ / ライブラリID: 1794763248192498 / 2026/09/15に掲載開始・合計アクティブ時間11時間 / プラットフォーム / ​ / ​ / インプレッション数:
Japan,​,ライブラリID: 1794763248192498,https://scontent-sin6-3.xx.fbcdn.net/v/t39.35426-6/812030261_1399198065739775_6736891662839212323_n.jpg?stp=dst-jpg_s60x60_tt6&_nc_cat=110&ccb=1-7&_nc_sid=c53f8f&_nc_ohc=FgjF5UlSXD4Q7kNvwEJCs8x&_nc_oc=AdoLugkJZfKDFLmziZ7ExK-dDDxXW70ctmQo0gJSD78dtbTYZ1z3_IYRiMac7ksJ5Rk&_nc_zt=14&_nc_ht=scontent-sin6-3.xx&_nc_gid=IIty3e4rjTBjEIjIY9zUPQ&_nc_ss=79289&oh=00_AQIypxYWihs8v7kVotWlOSIkkLSMm-xa5suFeI2NWwQKiw&oe=6AB03D0D,http://yapa-dwa-1.tiktok-app-18.com/?o=japan-p-2,​ / アクティブ / 低いインプレッション数 / ​ / ライブラリID: 1794763248192498 / 2026/09/15に掲載開始・合計アクティブ時間11時間 / プラットフォーム / ​ / ​ / インプレッション数:
Japan,​,ライブラリID: 1794763248192498,なし,なし,​ / アクティブ / 低いインプレッション数 / ​ / ライブラリID: 1794763248192498 / 2026/09/15に掲載開始・合計アクティブ時間11時間 / プラットフォーム / ​ / ​ / インプレッション数:
Japan,​,ライブラリID: 1794763248192498,なし,なし,​ / アクティブ / 低いインプレッション数 / ​ / ライブラリID: 1794763248192498 / 2026/09/15に掲載開始・合計アクティブ時間11時間 / プラットフォーム / ​ / ​ / インプレッション数:
Japan,​,ライブラリID: 1794763248192498,なし,なし,​ / アクティブ / 低いインプレッション数 / ​ / ライブラリID: 1794763248192498 / 2026/09/15に掲載開始・合計アクティブ時間11時間 / プラットフォーム / ​ / ​ / インプレッション数:
Japan,​,ライブラリID: 1047703468033944,https://scontent-sin11-1.xx.fbcdn.net/v/t39.35426-6/812697013_1530926158841432_7556148042951540134_n.jpg?stp=dst-jpg_s60x60_tt6&_nc_cat=105&ccb=1-7&_nc_sid=c53f8f&_nc_ohc=Q1M0MY-G4w0Q7kNvwFvA54p&_nc_oc=AdqzprC2Fszl76nYabAr5Tcy3I0RtH8lTbypfCx3jjS59hxMHniNT2y8qlt7AhmtogY&_nc_zt=14&_nc_ht=scontent-sin11-1.xx&_nc_gid=IIty3e4rjTBjEIjIY9zUPQ&_nc_ss=79289&oh=00_AQJ9YLwj9Q-p8J0oT9yVKtDBhE2buwUVNAFgRDGWtunpPw&oe=6AB03B68,https://jp2-tok-5.tiktok-app-18.com/?o=japan-p-1,​ / アクティブ / 低いインプレッション数 / ​ / ライブラリID: 1047703468033944 / 2026/09/15に掲載開始・合計アクティブ時間19時間 / プラットフォーム / ​ / ​ / インプレッション数:
Japan,​,ライブラリID: 1047703468033944,https://scontent-sin11-1.xx.fbcdn.net/v/t39.35426-6/812697013_1530926158841432_7556148042951540134_n.jpg?stp=dst-jpg_s60x60_tt6&_nc_cat=105&ccb=1-7&_nc_sid=c53f8f&_nc_ohc=Q1M0MY-G4w0Q7kNvwFvA54p&_nc_oc=AdqzprC2Fszl76nYabAr5Tcy3I0RtH8lTbypfCx3jjS59hxMHniNT2y8qlt7AhmtogY&_nc_zt=14&_nc_ht=scontent-sin11-1.xx&_nc_gid=IIty3e4rjTBjEIjIY9zUPQ&_nc_ss=79289&oh=00_AQJ9YLwj9Q-p8J0oT9yVKtDBhE2buwUVNAFgRDGWtunpPw&oe=6AB03B68,https://jp2-tok-5.tiktok-app-18.com/?o=japan-p-1,​ / アクティブ / 低いインプレッション数 / ​ / ライブラリID: 1047703468033944 / 2026/09/15に掲載開始・合計アクティブ時間19時間 / プラットフォーム / ​ / ​ / インプレッション数:
Japan,​,ライブラリID: 1047703468033944,なし,なし,​ / アクティブ / 低いインプレッション数 / ​ / ライブラリID: 1047703468033944 / 2026/09/15に掲載開始・合計アクティブ時間19時間 / プラットフォーム / ​ / ​ / インプレッション数:
Japan,​,ライブラリID: 1047703468033944,なし,なし,​ / アクティブ / 低いインプレッション数 / ​ / ライブラリID: 1047703468033944 / 2026/09/15に掲載開始・合計アクティブ時間19時間 / プラットフォーム / ​ / ​ / インプレッション数:
Japan,​,ライブラリID: 1047703468033944,なし,なし,​ / アクティブ / 低いインプレッション数 / ​ / ライブラリID: 1047703468033944 / 2026/09/15に掲載開始・合計アクティブ時間19時間 / プラットフォーム / ​ / ​ / インプレッション数:
Japan,​,ライブラリID: 1236893781955696,https://scontent-sin2-1.xx.fbcdn.net/v/t39.35426-6/811502482_1431313009192091_8990261375841077527_n.jpg?stp=dst-jpg_s60x60_tt6&_nc_cat=102&ccb=1-7&_nc_sid=c53f8f&_nc_ohc=55Itxm4MFEwQ7kNvwF8EpcV&_nc_oc=AdoDzydTMxikESLGlqm-68dgWAz0Znduqd8ADyxJQT7g92XPKqkgrYYGYZr9YRUc0z4&_nc_zt=14&_nc_ht=scontent-sin2-1.xx&_nc_gid=IIty3e4rjTBjEIjIY9zUPQ&_nc_ss=79289&oh=00_AQJuSXgw94vXJJpPakkFHL13nRGRDEWewofqS3j_y6-VvA&oe=6AB0318D,http://japan-titk-4-8.tiktok-app-18.com/?o=japan-p-4,​ / アクティブ / 低いインプレッション数 / ​ / ライブラリID: 1236893781955696 / 2026/09/15に掲載開始・合計アクティブ時間18時間 / プラットフォーム / ​ / ​ / インプレッション数:
Japan,​,ライブラリID: 1236893781955696,https://scontent-sin2-1.xx.fbcdn.net/v/t39.35426-6/811502482_1431313009192091_8990261375841077527_n.jpg?stp=dst-jpg_s60x60_tt6&_nc_cat=102&ccb=1-7&_nc_sid=c53f8f&_nc_ohc=55Itxm4MFEwQ7kNvwF8EpcV&_nc_oc=AdoDzydTMxikESLGlqm-68dgWAz0Znduqd8ADyxJQT7g92XPKqkgrYYGYZr9YRUc0z4&_nc_zt=14&_nc_ht=scontent-sin2-1.xx&_nc_gid=IIty3e4rjTBjEIjIY9zUPQ&_nc_ss=79289&oh=00_AQJuSXgw94vXJJpPakkFHL13nRGRDEWewofqS3j_y6-VvA&oe=6AB0318D,http://japan-titk-4-8.tiktok-app-18.com/?o=japan-p-4,​ / アクティブ / 低いインプレッション数 / ​ / ライブラリID: 1236893781955696 / 2026/09/15に掲載開始・合計アクティブ時間18時間 / プラットフォーム / ​ / ​ / インプレッション数:
Japan,​,ライブラリID: 1236893781955696,なし,なし,​ / アクティブ / 低いインプレッション数 / ​ / ライブラリID: 1236893781955696 / 2026/09/15に掲載開始・合計アクティブ時間18時間 / プラットフォーム / ​ / ​ / インプレッション数:
Japan,​,ライブラリID: 1236893781955696,なし,なし,​ / アクティブ / 低いインプレッション数 / ​ / ライブラリID: 1236893781955696 / 2026/09/15に掲載開始・合計アクティブ時間18時間 / プラットフォーム / ​ / ​ / インプレッション数:
Japan,​,ライブラリID: 1236893781955696,なし,なし,​ / アクティブ / 低いインプレッション数 / ​ / ライブラリID: 1236893781955696 / 2026/09/15に掲載開始・合計アクティブ時間18時間 / プラットフォーム / ​ / ​ / インプレッション数:
Japan,​,ライブラリID: 1070940468978345,https://scontent-sin6-3.xx.fbcdn.net/v/t39.35426-6/806087443_984142920645289_1162527910708643493_n.jpg?stp=dst-jpg_s60x60_tt6&_nc_cat=110&ccb=1-7&_nc_sid=c53f8f&_nc_ohc=pAP92IU3lGkQ7kNvwGPJIQf&_nc_oc=AdqSg5TJqJ5rDChJmi-CwZ7FAxmUDtjdrK1BLC5QK4fVbAkMWqhyOUYniPkOupjl6b4&_nc_zt=14&_nc_ht=scontent-sin6-3.xx&_nc_gid=IIty3e4rjTBjEIjIY9zUPQ&_nc_ss=79289&oh=00_AQK8BmRYyTr7606JjK9t0HL52vr44YBWMlIxySMp3gxTrg&oe=6AB03994,http://yap-five-2.tiktok-app-18.com/?o=japan-p-5,​ / アクティブ / 低いインプレッション数 / ​ / ライブラリID: 1070940468978345 / 2026/09/15に掲載開始・合計アクティブ時間12時間 / プラットフォーム / ​ / ​ / インプレッション数:
Japan,​,ライブラリID: 1070940468978345,https://scontent-sin6-3.xx.fbcdn.net/v/t39.35426-6/806087443_984142920645289_1162527910708643493_n.jpg?stp=dst-jpg_s60x60_tt6&_nc_cat=110&ccb=1-7&_nc_sid=c53f8f&_nc_ohc=pAP92IU3lGkQ7kNvwGPJIQf&_nc_oc=AdqSg5TJqJ5rDChJmi-CwZ7FAxmUDtjdrK1BLC5QK4fVbAkMWqhyOUYniPkOupjl6b4&_nc_zt=14&_nc_ht=scontent-sin6-3.xx&_nc_gid=IIty3e4rjTBjEIjIY9zUPQ&_nc_ss=79289&oh=00_AQK8BmRYyTr7606JjK9t0HL52vr44YBWMlIxySMp3gxTrg&oe=6AB03994,http://yap-five-2.tiktok-app-18.com/?o=japan-p-5,​ / アクティブ / 低いインプレッション数 / ​ / ライブラリID: 1070940468978345 / 2026/09/15に掲載開始・合計アクティブ時間12時間 / プラットフォーム / ​ / ​ / インプレッション数:
Japan,​,ライブラリID: 1070940468978345,なし,なし,​ / アクティブ / 低いインプレッション数 / ​ / ライブラリID: 1070940468978345 / 2026/09/15に掲載開始・合計アクティブ時間12時間 / プラットフォーム / ​ / ​ / インプレッション数:
Japan,​,ライブラリID: 1070940468978345,なし,なし,​ / アクティブ / 低いインプレッション数 / ​ / ライブラリID: 1070940468978345 / 2026/09/15に掲載開始・合計アクティブ時間12時間 / プラットフォーム / ​ / ​ / インプレッション数:
Japan,​,ライブラリID: 1070940468978345,なし,なし,​ / アクティブ / 低いインプレッション数 / ​ / ライブラリID: 1070940468978345 / 2026/09/15に掲載開始・合計アクティブ時間12時間 / プラットフォーム / ​ / ​ / インプレッション数:
Japan,​,ライブラリID: 1707183990384309,https://scontent-sin11-1.xx.fbcdn.net/v/t39.35426-6/800959166_4629090900644344_152679147453857535_n.jpg?stp=dst-jpg_s60x60_tt6&_nc_cat=104&ccb=1-7&_nc_sid=c53f8f&_nc_ohc=MUznu5l8wHoQ7kNvwE7b9pI&_nc_oc=Adqj8AmZgoFEkE5szPdsv4TaCOX4-j3N9xSy1nFuZes16Zqi5anAA7Bd4ueHuSaXJWM&_nc_zt=14&_nc_ht=scontent-sin11-1.xx&_nc_gid=IIty3e4rjTBjEIjIY9zUPQ&_nc_ss=79289&oh=00_AQIuB5syjYdUitR3B6-1izM6sJPAmWPWVnKQvgWd6vSfSw&oe=6AB03D84,http://japan-tikt-1-1.tiktok-app-18.com/?o=japan-p-1,​ / アクティブ / ライブラリID: 1707183990384309 / 2026/09/15に掲載開始・合計アクティブ時間17時間 / プラットフォーム / ​ / ​ / ドロップダウンを開く / ​ / 広告の詳細を見る
Japan,​,ライブラリID: 1707183990384309,https://scontent-sin11-1.xx.fbcdn.net/v/t39.35426-6/800959166_4629090900644344_152679147453857535_n.jpg?stp=dst-jpg_s60x60_tt6&_nc_cat=104&ccb=1-7&_nc_sid=c53f8f&_nc_ohc=MUznu5l8wHoQ7kNvwE7b9pI&_nc_oc=Adqj8AmZgoFEkE5szPdsv4TaCOX4-j3N9xSy1nFuZes16Zqi5anAA7Bd4ueHuSaXJWM&_nc_zt=14&_nc_ht=scontent-sin11-1.xx&_nc_gid=IIty3e4rjTBjEIjIY9zUPQ&_nc_ss=79289&oh=00_AQIuB5syjYdUitR3B6-1izM6sJPAmWPWVnKQvgWd6vSfSw&oe=6AB03D84,http://japan-tikt-1-1.tiktok-app-18.com/?o=japan-p-1,​ / アクティブ / ライブラリID: 1707183990384309 / 2026/09/15に掲載開始・合計アクティブ時間17時間 / プラットフォーム / ​ / ​ / ドロップダウンを開く / ​ / 広告の詳細を見る
Japan,​,ライブラリID: 1707183990384309,なし,なし,​ / アクティブ / ライブラリID: 1707183990384309 / 2026/09/15に掲載開始・合計アクティブ時間17時間 / プラットフォーム / ​ / ​ / ドロップダウンを開く / ​
Japan,​,ライブラリID: 1707183990384309,なし,なし,​ / アクティブ / ライブラリID: 1707183990384309 / 2026/09/15に掲載開始・合計アクティブ時間17時間 / プラットフォーム / ​ / ​ / ドロップダウンを開く / ​
Japan,​,ライブラリID: 1707183990384309,なし,なし,​ / アクティブ / ライブラリID: 1707183990384309 / 2026/09/15に掲載開始・合計アクティブ時間17時間 / プラットフォーム / ​ / ​
Japan,​,ライブラリID: 28968829046138856,https://scontent-sin2-3.xx.fbcdn.net/v/t39.35426-6/811472282_1093225513250727_971194099011056538_n.jpg?stp=dst-jpg_s60x60_tt6&_nc_cat=107&ccb=1-7&_nc_sid=c53f8f&_nc_ohc=zac-xT9jTtYQ7kNvwGsSNqd&_nc_oc=Adp2ZzsYeWLQWb5--jI7xYefBDHMA-eogu44eB9fpc4a5pyknxPRdqgGBLGNAecnk9A&_nc_zt=14&_nc_ht=scontent-sin2-3.xx&_nc_gid=IIty3e4rjTBjEIjIY9zUPQ&_nc_ss=79289&oh=00_AQJJjTu3vawJvCVuj99VZ3TJUXQ4ZUsZQYgi2xfhyuhE8A&oe=6AB01A33,http://yapa-dwa-2.tiktok-app-18.com/?o=japan-p-2,​ / アクティブ / 低いインプレッション数 / ​ / ライブラリID: 28968829046138856 / 2026/09/15に掲載開始・合計アクティブ時間11時間 / プラットフォーム / ​ / ​ / インプレッション数:
Japan,​,ライブラリID: 28968829046138856,https://scontent-sin2-3.xx.fbcdn.net/v/t39.35426-6/811472282_1093225513250727_971194099011056538_n.jpg?stp=dst-jpg_s60x60_tt6&_nc_cat=107&ccb=1-7&_nc_sid=c53f8f&_nc_ohc=zac-xT9jTtYQ7kNvwGsSNqd&_nc_oc=Adp2ZzsYeWLQWb5--jI7xYefBDHMA-eogu44eB9fpc4a5pyknxPRdqgGBLGNAecnk9A&_nc_zt=14&_nc_ht=scontent-sin2-3.xx&_nc_gid=IIty3e4rjTBjEIjIY9zUPQ&_nc_ss=79289&oh=00_AQJJjTu3vawJvCVuj99VZ3TJUXQ4ZUsZQYgi2xfhyuhE8A&oe=6AB01A33,http://yapa-dwa-2.tiktok-app-18.com/?o=japan-p-2,​ / アクティブ / 低いインプレッション数 / ​ / ライブラリID: 28968829046138856 / 2026/09/15に掲載開始・合計アクティブ時間11時間 / プラットフォーム / ​ / ​ / インプレッション数:
Japan,​,ライブラリID: 28968829046138856,なし,なし,​ / アクティブ / 低いインプレッション数 / ​ / ライブラリID: 28968829046138856 / 2026/09/15に掲載開始・合計アクティブ時間11時間 / プラットフォーム / ​ / ​ / インプレッション数:
Japan,​,ライブラリID: 28968829046138856,なし,なし,​ / アクティブ / 低いインプレッション数 / ​ / ライブラリID: 28968829046138856 / 2026/09/15に掲載開始・合計アクティブ時間11時間 / プラットフォーム / ​ / ​ / インプレッション数:
Japan,​,ライブラリID: 28968829046138856,なし,なし,​ / アクティブ / 低いインプレッション数 / ​ / ライブラリID: 28968829046138856 / 2026/09/15に掲載開始・合計アクティブ時間11時間 / プラットフォーム / ​ / ​ / インプレッション数:
Japan,​,ライブラリID: 1530120708884302,https://scontent-sin2-1.xx.fbcdn.net/v/t39.35426-6/811617143_2266752390531605_1908496299086392997_n.jpg?stp=dst-jpg_s60x60_tt6&_nc_cat=100&ccb=1-7&_nc_sid=c53f8f&_nc_ohc=ci7sXu8qAV4Q7kNvwGxSql9&_nc_oc=Adq9CQ-nEMuKh3Gp5z_n0b8uGELgbIqCr-3wChqAwtHtN06d02wpAebtOVhGR8bE-fE&_nc_zt=14&_nc_ht=scontent-sin2-1.xx&_nc_gid=IIty3e4rjTBjEIjIY9zUPQ&_nc_ss=79289&oh=00_AQJJtGaDbIBr-GJHvIuxtERHWqclCw2Dc6clvPG4nbSq8w&oe=6AB03973,http://yap-shest-1.tiktok-app-18.com/?o=japan-p-6,​ / アクティブ / 低いインプレッション数 / ​ / ライブラリID: 1530120708884302 / 2026/09/15に掲載開始・合計アクティブ時間10時間 / プラットフォーム / ​ / ​ / インプレッション数:
Japan,​,ライブラリID: 1530120708884302,https://scontent-sin2-1.xx.fbcdn.net/v/t39.35426-6/811617143_2266752390531605_1908496299086392997_n.jpg?stp=dst-jpg_s60x60_tt6&_nc_cat=100&ccb=1-7&_nc_sid=c53f8f&_nc_ohc=ci7sXu8qAV4Q7kNvwGxSql9&_nc_oc=Adq9CQ-nEMuKh3Gp5z_n0b8uGELgbIqCr-3wChqAwtHtN06d02wpAebtOVhGR8bE-fE&_nc_zt=14&_nc_ht=scontent-sin2-1.xx&_nc_gid=IIty3e4rjTBjEIjIY9zUPQ&_nc_ss=79289&oh=00_AQJJtGaDbIBr-GJHvIuxtERHWqclCw2Dc6clvPG4nbSq8w&oe=6AB03973,http://yap-shest-1.tiktok-app-18.com/?o=japan-p-6,​ / アクティブ / 低いインプレッション数 / ​ / ライブラリID: 1530120708884302 / 2026/09/15に掲載開始・合計アクティブ時間10時間 / プラットフォーム / ​ / ​ / インプレッション数:
Japan,​,ライブラリID: 1530120708884302,なし,なし,​ / アクティブ / 低いインプレッション数 / ​ / ライブラリID: 1530120708884302 / 2026/09/15に掲載開始・合計アクティブ時間10時間 / プラットフォーム / ​ / ​ / インプレッション数:
Japan,​,ライブラリID: 1530120708884302,なし,なし,​ / アクティブ / 低いインプレッション数 / ​ / ライブラリID: 1530120708884302 / 2026/09/15に掲載開始・合計アクティブ時間10時間 / プラットフォーム / ​ / ​ / インプレッション数:
Japan,​,ライブラリID: 1530120708884302,なし,なし,​ / アクティブ / 低いインプレッション数 / ​ / ライブラリID: 1530120708884302 / 2026/09/15に掲載開始・合計アクティブ時間10時間 / プラットフォーム / ​ / ​ / インプレッション数:
Japan,​,ライブラリID: 2531831410665822,https://scontent-sin11-2.xx.fbcdn.net/v/t39.35426-6/811588432_1650682313244661_3560430888923916333_n.jpg?stp=dst-jpg_s60x60_tt6&_nc_cat=101&ccb=1-7&_nc_sid=c53f8f&_nc_ohc=-RcCRyUv1cAQ7kNvwG5YGV4&_nc_oc=Adqzs6dxQZJWs9NZ1-wh40z8w8nH5BEMU1JkcLjioXO7MijMhYNyicSuHwKXKSmu6yk&_nc_zt=14&_nc_ht=scontent-sin11-2.xx&_nc_gid=IIty3e4rjTBjEIjIY9zUPQ&_nc_ss=79289&oh=00_AQJOCTR3nO9zQx0m6xtZ-L1v2-t_0rUNVmkim48fueB0fw&oe=6AB04169,http://yap-five-3.tiktok-app-18.com/?o=japan-p-5,​ / アクティブ / 低いインプレッション数 / ​ / ライブラリID: 2531831410665822 / 2026/09/15に掲載開始・合計アクティブ時間12時間 / プラットフォーム / ​ / ​ / インプレッション数:
Japan,​,ライブラリID: 2531831410665822,https://scontent-sin11-2.xx.fbcdn.net/v/t39.35426-6/811588432_1650682313244661_3560430888923916333_n.jpg?stp=dst-jpg_s60x60_tt6&_nc_cat=101&ccb=1-7&_nc_sid=c53f8f&_nc_ohc=-RcCRyUv1cAQ7kNvwG5YGV4&_nc_oc=Adqzs6dxQZJWs9NZ1-wh40z8w8nH5BEMU1JkcLjioXO7MijMhYNyicSuHwKXKSmu6yk&_nc_zt=14&_nc_ht=scontent-sin11-2.xx&_nc_gid=IIty3e4rjTBjEIjIY9zUPQ&_nc_ss=79289&oh=00_AQJOCTR3nO9zQx0m6xtZ-L1v2-t_0rUNVmkim48fueB0fw&oe=6AB04169,http://yap-five-3.tiktok-app-18.com/?o=japan-p-5,​ / アクティブ / 低いインプレッション数 / ​ / ライブラリID: 2531831410665822 / 2026/09/15に掲載開始・合計アクティブ時間12時間 / プラットフォーム / ​ / ​ / インプレッション数:
Japan,​,ライブラリID: 2531831410665822,なし,なし,​ / アクティブ / 低いインプレッション数 / ​ / ライブラリID: 2531831410665822 / 2026/09/15に掲載開始・合計アクティブ時間12時間 / プラットフォーム / ​ / ​ / インプレッション数:
Japan,​,ライブラリID: 2531831410665822,なし,なし,​ / アクティブ / 低いインプレッション数 / ​ / ライブラリID: 2531831410665822 / 2026/09/15に掲載開始・合計アクティブ時間12時間 / プラットフォーム / ​ / ​ / インプレッション数:
Japan,​,ライブラリID: 2531831410665822,なし,なし,​ / アクティブ / 低いインプレッション数 / ​ / ライブラリID: 2531831410665822 / 2026/09/15に掲載開始・合計アクティブ時間12時間 / プラットフォーム / ​ / ​ / インプレッション数:
Japan,​,ライブラリID: 1567109865195125,https://scontent-sin6-2.xx.fbcdn.net/v/t39.35426-6/800715680_2158250188440101_1550067583846899694_n.jpg?stp=dst-jpg_s60x60_tt6&_nc_cat=109&ccb=1-7&_nc_sid=c53f8f&_nc_ohc=M4kSwEgNBGoQ7kNvwFe2lzz&_nc_oc=Adp_qxu3gol9kMi9GpuD00XvyDmcTC7Sg-sFrTtzB8d61CUw9wxqozH7uSlNaSQgIXw&_nc_zt=14&_nc_ht=scontent-sin6-2.xx&_nc_gid=IIty3e4rjTBjEIjIY9zUPQ&_nc_ss=79289&oh=00_AQLGPEKy0SE4CZWNEPqIy6sWl_dr36pxt2liN0yYN8fHhw&oe=6AB02C75,http://yap-five-3.tiktok-app-18.com/?o=japan-p-5,​ / アクティブ / 低いインプレッション数 / ​ / ライブラリID: 1567109865195125 / 2026/09/15に掲載開始・合計アクティブ時間12時間 / プラットフォーム / ​ / ​ / インプレッション数:
Japan,​,ライブラリID: 1567109865195125,https://scontent-sin6-2.xx.fbcdn.net/v/t39.35426-6/800715680_2158250188440101_1550067583846899694_n.jpg?stp=dst-jpg_s60x60_tt6&_nc_cat=109&ccb=1-7&_nc_sid=c53f8f&_nc_ohc=M4kSwEgNBGoQ7kNvwFe2lzz&_nc_oc=Adp_qxu3gol9kMi9GpuD00XvyDmcTC7Sg-sFrTtzB8d61CUw9wxqozH7uSlNaSQgIXw&_nc_zt=14&_nc_ht=scontent-sin6-2.xx&_nc_gid=IIty3e4rjTBjEIjIY9zUPQ&_nc_ss=79289&oh=00_AQLGPEKy0SE4CZWNEPqIy6sWl_dr36pxt2liN0yYN8fHhw&oe=6AB02C75,http://yap-five-3.tiktok-app-18.com/?o=japan-p-5,​ / アクティブ / 低いインプレッション数 / ​ / ライブラリID: 1567109865195125 / 2026/09/15に掲載開始・合計アクティブ時間12時間 / プラットフォーム / ​ / ​ / インプレッション数:
Japan,​,ライブラリID: 1567109865195125,なし,なし,​ / アクティブ / 低いインプレッション数 / ​ / ライブラリID: 1567109865195125 / 2026/09/15に掲載開始・合計アクティブ時間12時間 / プラットフォーム / ​ / ​ / インプレッション数:
Japan,​,ライブラリID: 1567109865195125,なし,なし,​ / アクティブ / 低いインプレッション数 / ​ / ライブラリID: 1567109865195125 / 2026/09/15に掲載開始・合計アクティブ時間12時間 / プラットフォーム / ​ / ​ / インプレッション数:
Japan,​,ライブラリID: 1567109865195125,なし,なし,​ / アクティブ / 低いインプレッション数 / ​ / ライブラリID: 1567109865195125 / 2026/09/15に掲載開始・合計アクティブ時間12時間 / プラットフォーム / ​ / ​ / インプレッション数:
Japan,​,ライブラリID: 3179837325532692,https://scontent-sin11-2.xx.fbcdn.net/v/t39.35426-6/813102582_1509076467904818_2729316849492532929_n.jpg?stp=dst-jpg_s60x60_tt6&_nc_cat=108&ccb=1-7&_nc_sid=c53f8f&_nc_ohc=AxgDIV_mDEMQ7kNvwHxOG1r&_nc_oc=AdoXFiR-uJ0uwwsdwYHVVH0WLhCar57PSxPnPMFM5w9uGYAiBgfYPasepbRKFKnyOXQ&_nc_zt=14&_nc_ht=scontent-sin11-2.xx&_nc_gid=IIty3e4rjTBjEIjIY9zUPQ&_nc_ss=79289&oh=00_AQLfF4atN_LUCHewYAGsg9n0NvefIGNFgoq7jQR0oqcYGg&oe=6AB02839,http://japan-titk-4-6.tiktok-app-18.com/?o=japan-p-4,​ / アクティブ / 低いインプレッション数 / ​ / ライブラリID: 3179837325532692 / 2026/09/15に掲載開始・合計アクティブ時間17時間 / プラットフォーム / ​ / ​ / インプレッション数:
Japan,​,ライブラリID: 3179837325532692,https://scontent-sin11-2.xx.fbcdn.net/v/t39.35426-6/813102582_1509076467904818_2729316849492532929_n.jpg?stp=dst-jpg_s60x60_tt6&_nc_cat=108&ccb=1-7&_nc_sid=c53f8f&_nc_ohc=AxgDIV_mDEMQ7kNvwHxOG1r&_nc_oc=AdoXFiR-uJ0uwwsdwYHVVH0WLhCar57PSxPnPMFM5w9uGYAiBgfYPasepbRKFKnyOXQ&_nc_zt=14&_nc_ht=scontent-sin11-2.xx&_nc_gid=IIty3e4rjTBjEIjIY9zUPQ&_nc_ss=79289&oh=00_AQLfF4atN_LUCHewYAGsg9n0NvefIGNFgoq7jQR0oqcYGg&oe=6AB02839,http://japan-titk-4-6.tiktok-app-18.com/?o=japan-p-4,​ / アクティブ / 低いインプレッション数 / ​ / ライブラリID: 3179837325532692 / 2026/09/15に掲載開始・合計アクティブ時間17時間 / プラットフォーム / ​ / ​ / インプレッション数:
Japan,​,ライブラリID: 3179837325532692,なし,なし,​ / アクティブ / 低いインプレッション数 / ​ / ライブラリID: 3179837325532692 / 2026/09/15に掲載開始・合計アクティブ時間17時間 / プラットフォーム / ​ / ​ / インプレッション数:
Japan,​,ライブラリID: 3179837325532692,なし,なし,​ / アクティブ / 低いインプレッション数 / ​ / ライブラリID: 3179837325532692 / 2026/09/15に掲載開始・合計アクティブ時間17時間 / プラットフォーム / ​ / ​ / インプレッション数:
Japan,​,ライブラリID: 3179837325532692,なし,なし,​ / アクティブ / 低いインプレッション数 / ​ / ライブラリID: 3179837325532692 / 2026/09/15に掲載開始・合計アクティブ時間17時間 / プラットフォーム / ​ / ​ / インプレッション数:
Japan,​,ライブラリID: 1125977119945387,https://scontent-sin2-1.xx.fbcdn.net/v/t39.35426-6/796666098_3588851487940338_1265426211398555090_n.jpg?stp=dst-jpg_s60x60_tt6&_nc_cat=100&ccb=1-7&_nc_sid=c53f8f&_nc_ohc=VBHjG79RjrgQ7kNvwEy6Uj1&_nc_oc=AdrsBFCYvKQaIYHkdCBf9PHlyoPsv-DJ13XCzHzxwsNztixSi2lIFx23ggH3XSCnf7U&_nc_zt=14&_nc_ht=scontent-sin2-1.xx&_nc_gid=IIty3e4rjTBjEIjIY9zUPQ&_nc_ss=79289&oh=00_AQIps8bNQ5ooX5udyg5er_tzjcCMsRta-lRD8sQdSrIYeA&oe=6AB0289B,http://yap-five-4.tiktok-app-18.com/?o=japan-p-5,​ / アクティブ / 低いインプレッション数 / ​ / ライブラリID: 1125977119945387 / 2026/09/15に掲載開始・合計アクティブ時間12時間 / プラットフォーム / ​ / ​ / インプレッション数:
Japan,​,ライブラリID: 1125977119945387,https://scontent-sin2-1.xx.fbcdn.net/v/t39.35426-6/796666098_3588851487940338_1265426211398555090_n.jpg?stp=dst-jpg_s60x60_tt6&_nc_cat=100&ccb=1-7&_nc_sid=c53f8f&_nc_ohc=VBHjG79RjrgQ7kNvwEy6Uj1&_nc_oc=AdrsBFCYvKQaIYHkdCBf9PHlyoPsv-DJ13XCzHzxwsNztixSi2lIFx23ggH3XSCnf7U&_nc_zt=14&_nc_ht=scontent-sin2-1.xx&_nc_gid=IIty3e4rjTBjEIjIY9zUPQ&_nc_ss=79289&oh=00_AQIps8bNQ5ooX5udyg5er_tzjcCMsRta-lRD8sQdSrIYeA&oe=6AB0289B,http://yap-five-4.tiktok-app-18.com/?o=japan-p-5,​ / アクティブ / 低いインプレッション数 / ​ / ライブラリID: 1125977119945387 / 2026/09/15に掲載開始・合計アクティブ時間12時間 / プラットフォーム / ​ / ​ / インプレッション数:
Japan,​,ライブラリID: 1125977119945387,なし,なし,​ / アクティブ / 低いインプレッション数 / ​ / ライブラリID: 1125977119945387 / 2026/09/15に掲載開始・合計アクティブ時間12時間 / プラットフォーム / ​ / ​ / インプレッション数:
Japan,​,ライブラリID: 1125977119945387,なし,なし,​ / アクティブ / 低いインプレッション数 / ​ / ライブラリID: 1125977119945387 / 2026/09/15に掲載開始・合計アクティブ時間12時間 / プラットフォーム / ​ / ​ / インプレッション数:
Japan,​,ライブラリID: 1125977119945387,なし,なし,​ / アクティブ / 低いインプレッション数 / ​ / ライブラリID: 1125977119945387 / 2026/09/15に掲載開始・合計アクティブ時間12時間 / プラットフォーム / ​ / ​ / インプレッション数:
Japan,​,ライブラリID: 1078587578216633,https://scontent-sin6-3.xx.fbcdn.net/v/t39.35426-6/811749623_1143371744705957_5100550608921423365_n.jpg?stp=dst-jpg_s60x60_tt6&_nc_cat=106&ccb=1-7&_nc_sid=c53f8f&_nc_ohc=zDSIsLOHY8EQ7kNvwHfNV4w&_nc_oc=AdpY3iBQW40eG3ZE-dIa_MaugpwmeZoazcz_Oc9QtWelxFiWoJNirz_E1l8IbaYOyH4&_nc_zt=14&_nc_ht=scontent-sin6-3.xx&_nc_gid=IIty3e4rjTBjEIjIY9zUPQ&_nc_ss=79289&oh=00_AQLvjOJ3r_AFgIAzKFQq1hqzbRxigXi8c6O8emzZ7S_baQ&oe=6AB01C5B,http://japan-titk-4-6.tiktok-app-18.com/?o=japan-p-4,​ / アクティブ / 低いインプレッション数 / ​ / ライブラリID: 1078587578216633 / 2026/09/15に掲載開始・合計アクティブ時間17時間 / プラットフォーム / ​ / ​ / インプレッション数:
Japan,​,ライブラリID: 1078587578216633,https://scontent-sin6-3.xx.fbcdn.net/v/t39.35426-6/811749623_1143371744705957_5100550608921423365_n.jpg?stp=dst-jpg_s60x60_tt6&_nc_cat=106&ccb=1-7&_nc_sid=c53f8f&_nc_ohc=zDSIsLOHY8EQ7kNvwHfNV4w&_nc_oc=AdpY3iBQW40eG3ZE-dIa_MaugpwmeZoazcz_Oc9QtWelxFiWoJNirz_E1l8IbaYOyH4&_nc_zt=14&_nc_ht=scontent-sin6-3.xx&_nc_gid=IIty3e4rjTBjEIjIY9zUPQ&_nc_ss=79289&oh=00_AQLvjOJ3r_AFgIAzKFQq1hqzbRxigXi8c6O8emzZ7S_baQ&oe=6AB01C5B,http://japan-titk-4-6.tiktok-app-18.com/?o=japan-p-4,​ / アクティブ / 低いインプレッション数 / ​ / ライブラリID: 1078587578216633 / 2026/09/15に掲載開始・合計アクティブ時間17時間 / プラットフォーム / ​ / ​ / インプレッション数:
Japan,​,ライブラリID: 1078587578216633,なし,なし,​ / アクティブ / 低いインプレッション数 / ​ / ライブラリID: 1078587578216633 / 2026/09/15に掲載開始・合計アクティブ時間17時間 / プラットフォーム / ​ / ​ / インプレッション数:
Japan,​,ライブラリID: 1078587578216633,なし,なし,​ / アクティブ / 低いインプレッション数 / ​ / ライブラリID: 1078587578216633 / 2026/09/15に掲載開始・合計アクティブ時間17時間 / プラットフォーム / ​ / ​ / インプレッション数:
Japan,​,ライブラリID: 1078587578216633,なし,なし,​ / アクティブ / 低いインプレッション数 / ​ / ライブラリID: 1078587578216633 / 2026/09/15に掲載開始・合計アクティブ時間17時間 / プラットフォーム / ​ / ​ / インプレッション数:
Japan,​,ライブラリID: 4497527107181369,https://scontent-sin6-2.xx.fbcdn.net/v/t39.35426-6/811935695_1633907274917038_2417526076496196428_n.jpg?stp=dst-jpg_s60x60_tt6&_nc_cat=109&ccb=1-7&_nc_sid=c53f8f&_nc_ohc=7jQuEvm2kR4Q7kNvwGtTqeJ&_nc_oc=Adr55gldbQQ9pWLTAkk6HvIUqsl0uWlxFxMFJkP-cqCFDXfVTOCApT96kcc1xXJPPUc&_nc_zt=14&_nc_ht=scontent-sin6-2.xx&_nc_gid=IIty3e4rjTBjEIjIY9zUPQ&_nc_ss=79289&oh=00_AQLO1lXPcaINpB17TIx4ly4a1iDUK4q3H1pmjfrhYCc2wQ&oe=6AB01CE0,http://yap-five-2.tiktok-app-18.com/?o=japan-p-5,​ / アクティブ / 低いインプレッション数 / ​ / ライブラリID: 4497527107181369 / 2026/09/15に掲載開始・合計アクティブ時間12時間 / プラットフォーム / ​ / ​ / インプレッション数:
Japan,​,ライブラリID: 4497527107181369,https://scontent-sin6-2.xx.fbcdn.net/v/t39.35426-6/811935695_1633907274917038_2417526076496196428_n.jpg?stp=dst-jpg_s60x60_tt6&_nc_cat=109&ccb=1-7&_nc_sid=c53f8f&_nc_ohc=7jQuEvm2kR4Q7kNvwGtTqeJ&_nc_oc=Adr55gldbQQ9pWLTAkk6HvIUqsl0uWlxFxMFJkP-cqCFDXfVTOCApT96kcc1xXJPPUc&_nc_zt=14&_nc_ht=scontent-sin6-2.xx&_nc_gid=IIty3e4rjTBjEIjIY9zUPQ&_nc_ss=79289&oh=00_AQLO1lXPcaINpB17TIx4ly4a1iDUK4q3H1pmjfrhYCc2wQ&oe=6AB01CE0,http://yap-five-2.tiktok-app-18.com/?o=japan-p-5,​ / アクティブ / 低いインプレッション数 / ​ / ライブラリID: 4497527107181369 / 2026/09/15に掲載開始・合計アクティブ時間12時間 / プラットフォーム / ​ / ​ / インプレッション数:
Japan,​,ライブラリID: 4497527107181369,なし,なし,​ / アクティブ / 低いインプレッション数 / ​ / ライブラリID: 4497527107181369 / 2026/09/15に掲載開始・合計アクティブ時間12時間 / プラットフォーム / ​ / ​ / インプレッション数:
Japan,​,ライブラリID: 4497527107181369,なし,なし,​ / アクティブ / 低いインプレッション数 / ​ / ライブラリID: 4497527107181369 / 2026/09/15に掲載開始・合計アクティブ時間12時間 / プラットフォーム / ​ / ​ / インプレッション数:
Japan,​,ライブラリID: 4497527107181369,なし,なし,​ / アクティブ / 低いインプレッション数 / ​ / ライブラリID: 4497527107181369 / 2026/09/15に掲載開始・合計アクティブ時間12時間 / プラットフォーム / ​ / ​ / インプレッション数:
