Page Name,Ad ID / Details,Image URL,Landing Page Link,Full Text
Meta広告ライブラリ,ライブラリID: 1910989579579189,https://scontent-fra5-2.xx.fbcdn.net/v/t39.35426-6/732962191_4340955582834064_3562605714171878285_n.jpg?stp=dst-jpg_s60x60_tt6&_nc_cat=109&ccb=1-7&_nc_sid=c53f8f&_nc_ohc=EvGiYH6NR6gQ7kNvwEDFCdR&_nc_oc=AdqvTXCth5wINZZW5E4uSEkPZNgdHPnM0kBmeMrt1lBZQzpMIQ0lGkDZx-kxjTMs5q4&_nc_zt=14&_nc_ht=scontent-fra5-2.xx&_nc_gid=yFyQLQZapYPHGM4kZ9HEnw&_nc_ss=79289&oh=00_AQKt-DtvP1gduzjpkosxRcrVRj9u4XbhWO56BJcbBVHygw&oe=6AB012FF,/ads/library/?source=fb-logo,Meta広告ライブラリ / 広告ライブラリ / 広告ライブラリレポート / 広告ライブラリAPI / ブランドコンテンツ / ​ / 日本 / ​ / ​ / ​
Meta広告ライブラリ,ライブラリID: 1910989579579189,https://scontent-fra5-2.xx.fbcdn.net/v/t39.35426-6/732962191_4340955582834064_3562605714171878285_n.jpg?stp=dst-jpg_s60x60_tt6&_nc_cat=109&ccb=1-7&_nc_sid=c53f8f&_nc_ohc=EvGiYH6NR6gQ7kNvwEDFCdR&_nc_oc=AdqvTXCth5wINZZW5E4uSEkPZNgdHPnM0kBmeMrt1lBZQzpMIQ0lGkDZx-kxjTMs5q4&_nc_zt=14&_nc_ht=scontent-fra5-2.xx&_nc_gid=yFyQLQZapYPHGM4kZ9HEnw&_nc_ss=79289&oh=00_AQKt-DtvP1gduzjpkosxRcrVRj9u4XbhWO56BJcbBVHygw&oe=6AB012FF,/ads/library/?source=fb-logo,Meta広告ライブラリ / 広告ライブラリ / 広告ライブラリレポート / 広告ライブラリAPI / ブランドコンテンツ / ​ / 日本 / ​ / ​ / ​
Meta広告ライブラリ,ライブラリID: 1910989579579189,https://scontent-fra5-2.xx.fbcdn.net/v/t39.35426-6/732962191_4340955582834064_3562605714171878285_n.jpg?stp=dst-jpg_s60x60_tt6&_nc_cat=109&ccb=1-7&_nc_sid=c53f8f&_nc_ohc=EvGiYH6NR6gQ7kNvwEDFCdR&_nc_oc=AdqvTXCth5wINZZW5E4uSEkPZNgdHPnM0kBmeMrt1lBZQzpMIQ0lGkDZx-kxjTMs5q4&_nc_zt=14&_nc_ht=scontent-fra5-2.xx&_nc_gid=yFyQLQZapYPHGM4kZ9HEnw&_nc_ss=79289&oh=00_AQKt-DtvP1gduzjpkosxRcrVRj9u4XbhWO56BJcbBVHygw&oe=6AB012FF,/ads/library/?source=fb-logo,Meta広告ライブラリ / 広告ライブラリ / 広告ライブラリレポート / 広告ライブラリAPI / ブランドコンテンツ / ​ / 日本 / ​ / ​ / ​
Meta広告ライブラリ,ライブラリID: 1910989579579189,https://scontent-fra5-2.xx.fbcdn.net/v/t39.35426-6/732962191_4340955582834064_3562605714171878285_n.jpg?stp=dst-jpg_s60x60_tt6&_nc_cat=109&ccb=1-7&_nc_sid=c53f8f&_nc_ohc=EvGiYH6NR6gQ7kNvwEDFCdR&_nc_oc=AdqvTXCth5wINZZW5E4uSEkPZNgdHPnM0kBmeMrt1lBZQzpMIQ0lGkDZx-kxjTMs5q4&_nc_zt=14&_nc_ht=scontent-fra5-2.xx&_nc_gid=yFyQLQZapYPHGM4kZ9HEnw&_nc_ss=79289&oh=00_AQKt-DtvP1gduzjpkosxRcrVRj9u4XbhWO56BJcbBVHygw&oe=6AB012FF,/ads/library/?source=fb-logo,Meta広告ライブラリ / 広告ライブラリ / 広告ライブラリレポート / 広告ライブラリAPI / ブランドコンテンツ / ​ / 日本 / ​ / ​ / ​
Meta広告ライブラリ,ライブラリID: 1910989579579189,https://scontent-fra5-2.xx.fbcdn.net/v/t39.35426-6/732962191_4340955582834064_3562605714171878285_n.jpg?stp=dst-jpg_s60x60_tt6&_nc_cat=109&ccb=1-7&_nc_sid=c53f8f&_nc_ohc=EvGiYH6NR6gQ7kNvwEDFCdR&_nc_oc=AdqvTXCth5wINZZW5E4uSEkPZNgdHPnM0kBmeMrt1lBZQzpMIQ0lGkDZx-kxjTMs5q4&_nc_zt=14&_nc_ht=scontent-fra5-2.xx&_nc_gid=yFyQLQZapYPHGM4kZ9HEnw&_nc_ss=79289&oh=00_AQKt-DtvP1gduzjpkosxRcrVRj9u4XbhWO56BJcbBVHygw&oe=6AB012FF,/ads/library/?source=fb-logo,Meta広告ライブラリ / 広告ライブラリ / 広告ライブラリレポート / 広告ライブラリAPI / ブランドコンテンツ / ​ / 日本 / ​ / ​ / ​
Meta広告ライブラリ,ライブラリID: 1910989579579189,https://scontent-fra5-2.xx.fbcdn.net/v/t39.35426-6/732962191_4340955582834064_3562605714171878285_n.jpg?stp=dst-jpg_s60x60_tt6&_nc_cat=109&ccb=1-7&_nc_sid=c53f8f&_nc_ohc=EvGiYH6NR6gQ7kNvwEDFCdR&_nc_oc=AdqvTXCth5wINZZW5E4uSEkPZNgdHPnM0kBmeMrt1lBZQzpMIQ0lGkDZx-kxjTMs5q4&_nc_zt=14&_nc_ht=scontent-fra5-2.xx&_nc_gid=yFyQLQZapYPHGM4kZ9HEnw&_nc_ss=79289&oh=00_AQKt-DtvP1gduzjpkosxRcrVRj9u4XbhWO56BJcbBVHygw&oe=6AB012FF,/ads/library/?source=fb-logo,Meta広告ライブラリ / 広告ライブラリ / 広告ライブラリレポート / 広告ライブラリAPI / ブランドコンテンツ / ​ / 日本 / ​ / ​ / ​
Meta広告ライブラリ,ライブラリID: 1910989579579189,https://scontent-fra5-2.xx.fbcdn.net/v/t39.35426-6/732962191_4340955582834064_3562605714171878285_n.jpg?stp=dst-jpg_s60x60_tt6&_nc_cat=109&ccb=1-7&_nc_sid=c53f8f&_nc_ohc=EvGiYH6NR6gQ7kNvwEDFCdR&_nc_oc=AdqvTXCth5wINZZW5E4uSEkPZNgdHPnM0kBmeMrt1lBZQzpMIQ0lGkDZx-kxjTMs5q4&_nc_zt=14&_nc_ht=scontent-fra5-2.xx&_nc_gid=yFyQLQZapYPHGM4kZ9HEnw&_nc_ss=79289&oh=00_AQKt-DtvP1gduzjpkosxRcrVRj9u4XbhWO56BJcbBVHygw&oe=6AB012FF,/ads/library/?source=fb-logo,Meta広告ライブラリ / 広告ライブラリ / 広告ライブラリレポート / 広告ライブラリAPI / ブランドコンテンツ / ​ / 日本 / ​ / ​ / ​
Meta広告ライブラリ,ライブラリID: 1910989579579189,https://scontent-fra5-2.xx.fbcdn.net/v/t39.35426-6/732962191_4340955582834064_3562605714171878285_n.jpg?stp=dst-jpg_s60x60_tt6&_nc_cat=109&ccb=1-7&_nc_sid=c53f8f&_nc_ohc=EvGiYH6NR6gQ7kNvwEDFCdR&_nc_oc=AdqvTXCth5wINZZW5E4uSEkPZNgdHPnM0kBmeMrt1lBZQzpMIQ0lGkDZx-kxjTMs5q4&_nc_zt=14&_nc_ht=scontent-fra5-2.xx&_nc_gid=yFyQLQZapYPHGM4kZ9HEnw&_nc_ss=79289&oh=00_AQKt-DtvP1gduzjpkosxRcrVRj9u4XbhWO56BJcbBVHygw&oe=6AB012FF,/ads/library/?source=fb-logo,Meta広告ライブラリ / 広告ライブラリ / 広告ライブラリレポート / 広告ライブラリAPI / ブランドコンテンツ / ​ / 日本 / ​ / ​ / ​
Meta広告ライブラリ,ライブラリID: 1910989579579189,https://scontent-fra5-2.xx.fbcdn.net/v/t39.35426-6/732962191_4340955582834064_3562605714171878285_n.jpg?stp=dst-jpg_s60x60_tt6&_nc_cat=109&ccb=1-7&_nc_sid=c53f8f&_nc_ohc=EvGiYH6NR6gQ7kNvwEDFCdR&_nc_oc=AdqvTXCth5wINZZW5E4uSEkPZNgdHPnM0kBmeMrt1lBZQzpMIQ0lGkDZx-kxjTMs5q4&_nc_zt=14&_nc_ht=scontent-fra5-2.xx&_nc_gid=yFyQLQZapYPHGM4kZ9HEnw&_nc_ss=79289&oh=00_AQKt-DtvP1gduzjpkosxRcrVRj9u4XbhWO56BJcbBVHygw&oe=6AB012FF,/ads/library/?source=fb-logo,Meta広告ライブラリ / 広告ライブラリ / 広告ライブラリレポート / 広告ライブラリAPI / ブランドコンテンツ / ​ / 日本 / ​ / ​ / ​
Meta広告ライブラリ,ライブラリID: 1910989579579189,https://scontent-fra5-2.xx.fbcdn.net/v/t39.35426-6/732962191_4340955582834064_3562605714171878285_n.jpg?stp=dst-jpg_s60x60_tt6&_nc_cat=109&ccb=1-7&_nc_sid=c53f8f&_nc_ohc=EvGiYH6NR6gQ7kNvwEDFCdR&_nc_oc=AdqvTXCth5wINZZW5E4uSEkPZNgdHPnM0kBmeMrt1lBZQzpMIQ0lGkDZx-kxjTMs5q4&_nc_zt=14&_nc_ht=scontent-fra5-2.xx&_nc_gid=yFyQLQZapYPHGM4kZ9HEnw&_nc_ss=79289&oh=00_AQKt-DtvP1gduzjpkosxRcrVRj9u4XbhWO56BJcbBVHygw&oe=6AB012FF,/ads/library/?source=fb-logo,Meta広告ライブラリ / 広告ライブラリ / 広告ライブラリレポート / 広告ライブラリAPI / ブランドコンテンツ / ​ / 日本 / ​ / ​ / ​
Meta広告ライブラリ,ライブラリID: 1910989579579189,https://scontent-fra5-2.xx.fbcdn.net/v/t39.35426-6/732962191_4340955582834064_3562605714171878285_n.jpg?stp=dst-jpg_s60x60_tt6&_nc_cat=109&ccb=1-7&_nc_sid=c53f8f&_nc_ohc=EvGiYH6NR6gQ7kNvwEDFCdR&_nc_oc=AdqvTXCth5wINZZW5E4uSEkPZNgdHPnM0kBmeMrt1lBZQzpMIQ0lGkDZx-kxjTMs5q4&_nc_zt=14&_nc_ht=scontent-fra5-2.xx&_nc_gid=yFyQLQZapYPHGM4kZ9HEnw&_nc_ss=79289&oh=00_AQKt-DtvP1gduzjpkosxRcrVRj9u4XbhWO56BJcbBVHygw&oe=6AB012FF,/ads/library/?source=fb-logo,Meta広告ライブラリ / 広告ライブラリ / 広告ライブラリレポート / 広告ライブラリAPI / ブランドコンテンツ / ​ / 日本 / ​ / ​ / ​
"検索結果: 約46,000件",ライブラリID: 1910989579579189,https://scontent-fra5-2.xx.fbcdn.net/v/t39.35426-6/732962191_4340955582834064_3562605714171878285_n.jpg?stp=dst-jpg_s60x60_tt6&_nc_cat=109&ccb=1-7&_nc_sid=c53f8f&_nc_ohc=EvGiYH6NR6gQ7kNvwEDFCdR&_nc_oc=AdqvTXCth5wINZZW5E4uSEkPZNgdHPnM0kBmeMrt1lBZQzpMIQ0lGkDZx-kxjTMs5q4&_nc_zt=14&_nc_ht=scontent-fra5-2.xx&_nc_gid=yFyQLQZapYPHGM4kZ9HEnw&_nc_ss=79289&oh=00_AQKt-DtvP1gduzjpkosxRcrVRj9u4XbhWO56BJcbBVHygw&oe=6AB012FF,https://play.google.com/store/apps/details?id=com.ss.android.ugc.trill,"検索結果: 約46,000件 / これらの結果には、あなたのキーワード検索に一致する広告が含まれます。 / フィルター / 並べ替え / ​ / 並び替え / ​ / 非アクティブ / ライブラリID: 1910989579579189 / 2026/07/13〜2026/08/28"
"検索結果: 約46,000件",ライブラリID: 1910989579579189,https://scontent-fra5-2.xx.fbcdn.net/v/t39.35426-6/732962191_4340955582834064_3562605714171878285_n.jpg?stp=dst-jpg_s60x60_tt6&_nc_cat=109&ccb=1-7&_nc_sid=c53f8f&_nc_ohc=EvGiYH6NR6gQ7kNvwEDFCdR&_nc_oc=AdqvTXCth5wINZZW5E4uSEkPZNgdHPnM0kBmeMrt1lBZQzpMIQ0lGkDZx-kxjTMs5q4&_nc_zt=14&_nc_ht=scontent-fra5-2.xx&_nc_gid=yFyQLQZapYPHGM4kZ9HEnw&_nc_ss=79289&oh=00_AQKt-DtvP1gduzjpkosxRcrVRj9u4XbhWO56BJcbBVHygw&oe=6AB012FF,https://play.google.com/store/apps/details?id=com.ss.android.ugc.trill,"検索結果: 約46,000件 / これらの結果には、あなたのキーワード検索に一致する広告が含まれます。 / フィルター / 並べ替え / ​ / 並び替え / ​ / 非アクティブ / ライブラリID: 1910989579579189 / 2026/07/13〜2026/08/28"
フィルター,ライブラリID: 1910989579579189,https://scontent-fra5-2.xx.fbcdn.net/v/t39.35426-6/732962191_4340955582834064_3562605714171878285_n.jpg?stp=dst-jpg_s60x60_tt6&_nc_cat=109&ccb=1-7&_nc_sid=c53f8f&_nc_ohc=EvGiYH6NR6gQ7kNvwEDFCdR&_nc_oc=AdqvTXCth5wINZZW5E4uSEkPZNgdHPnM0kBmeMrt1lBZQzpMIQ0lGkDZx-kxjTMs5q4&_nc_zt=14&_nc_ht=scontent-fra5-2.xx&_nc_gid=yFyQLQZapYPHGM4kZ9HEnw&_nc_ss=79289&oh=00_AQKt-DtvP1gduzjpkosxRcrVRj9u4XbhWO56BJcbBVHygw&oe=6AB012FF,https://play.google.com/store/apps/details?id=com.ss.android.ugc.trill,フィルター / 並べ替え / ​ / 並び替え / ​ / 非アクティブ / ライブラリID: 1910989579579189 / 2026/07/13〜2026/08/28 / プラットフォーム / ​
​,ライブラリID: 1910989579579189,https://scontent-fra5-2.xx.fbcdn.net/v/t39.35426-6/732962191_4340955582834064_3562605714171878285_n.jpg?stp=dst-jpg_s60x60_tt6&_nc_cat=109&ccb=1-7&_nc_sid=c53f8f&_nc_ohc=EvGiYH6NR6gQ7kNvwEDFCdR&_nc_oc=AdqvTXCth5wINZZW5E4uSEkPZNgdHPnM0kBmeMrt1lBZQzpMIQ0lGkDZx-kxjTMs5q4&_nc_zt=14&_nc_ht=scontent-fra5-2.xx&_nc_gid=yFyQLQZapYPHGM4kZ9HEnw&_nc_ss=79289&oh=00_AQKt-DtvP1gduzjpkosxRcrVRj9u4XbhWO56BJcbBVHygw&oe=6AB012FF,https://play.google.com/store/apps/details?id=com.ss.android.ugc.trill,​ / 非アクティブ / ライブラリID: 1910989579579189 / 2026/07/13〜2026/08/28 / プラットフォーム / ​ / ​ / ​ / ​ / ​
​,ライブラリID: 1910989579579189,https://scontent-fra5-2.xx.fbcdn.net/v/t39.35426-6/732962191_4340955582834064_3562605714171878285_n.jpg?stp=dst-jpg_s60x60_tt6&_nc_cat=109&ccb=1-7&_nc_sid=c53f8f&_nc_ohc=EvGiYH6NR6gQ7kNvwEDFCdR&_nc_oc=AdqvTXCth5wINZZW5E4uSEkPZNgdHPnM0kBmeMrt1lBZQzpMIQ0lGkDZx-kxjTMs5q4&_nc_zt=14&_nc_ht=scontent-fra5-2.xx&_nc_gid=yFyQLQZapYPHGM4kZ9HEnw&_nc_ss=79289&oh=00_AQKt-DtvP1gduzjpkosxRcrVRj9u4XbhWO56BJcbBVHygw&oe=6AB012FF,https://play.google.com/store/apps/details?id=com.ss.android.ugc.trill,​ / 非アクティブ / ライブラリID: 1910989579579189 / 2026/07/13〜2026/08/28 / プラットフォーム / ​ / ​ / ​ / ​ / ​
​,ライブラリID: 1910989579579189,https://scontent-fra5-2.xx.fbcdn.net/v/t39.35426-6/732962191_4340955582834064_3562605714171878285_n.jpg?stp=dst-jpg_s60x60_tt6&_nc_cat=109&ccb=1-7&_nc_sid=c53f8f&_nc_ohc=EvGiYH6NR6gQ7kNvwEDFCdR&_nc_oc=AdqvTXCth5wINZZW5E4uSEkPZNgdHPnM0kBmeMrt1lBZQzpMIQ0lGkDZx-kxjTMs5q4&_nc_zt=14&_nc_ht=scontent-fra5-2.xx&_nc_gid=yFyQLQZapYPHGM4kZ9HEnw&_nc_ss=79289&oh=00_AQKt-DtvP1gduzjpkosxRcrVRj9u4XbhWO56BJcbBVHygw&oe=6AB012FF,https://play.google.com/store/apps/details?id=com.ss.android.ugc.trill,​ / 非アクティブ / ライブラリID: 1910989579579189 / 2026/07/13〜2026/08/28 / プラットフォーム / ​ / ​ / ​ / ​ / ​
​,ライブラリID: 1910989579579189,https://scontent-fra5-2.xx.fbcdn.net/v/t39.35426-6/732962191_4340955582834064_3562605714171878285_n.jpg?stp=dst-jpg_s60x60_tt6&_nc_cat=109&ccb=1-7&_nc_sid=c53f8f&_nc_ohc=EvGiYH6NR6gQ7kNvwEDFCdR&_nc_oc=AdqvTXCth5wINZZW5E4uSEkPZNgdHPnM0kBmeMrt1lBZQzpMIQ0lGkDZx-kxjTMs5q4&_nc_zt=14&_nc_ht=scontent-fra5-2.xx&_nc_gid=yFyQLQZapYPHGM4kZ9HEnw&_nc_ss=79289&oh=00_AQKt-DtvP1gduzjpkosxRcrVRj9u4XbhWO56BJcbBVHygw&oe=6AB012FF,https://play.google.com/store/apps/details?id=com.ss.android.ugc.trill,​ / 非アクティブ / ライブラリID: 1910989579579189 / 2026/07/13〜2026/08/28 / プラットフォーム / ​ / ​ / ​ / ​ / ​
​,ライブラリID: 1910989579579189,なし,なし,​ / 非アクティブ / ライブラリID: 1910989579579189 / 2026/07/13〜2026/08/28 / プラットフォーム / ​ / ​ / ​ / ​ / ​
​,ライブラリID: 1910989579579189,なし,なし,​ / 非アクティブ / ライブラリID: 1910989579579189 / 2026/07/13〜2026/08/28 / プラットフォーム / ​ / ​ / ​ / ​ / ​
​,ライブラリID: 1910989579579189,なし,なし,​ / 非アクティブ / ライブラリID: 1910989579579189 / 2026/07/13〜2026/08/28 / プラットフォーム / ​ / ​ / ​ / ​ / ​
​,ライブラリID: 9079987928678353,https://scontent-fra5-1.xx.fbcdn.net/v/t39.35426-6/463315346_507763025575231_7326210286062871726_n.jpg?stp=dst-jpg_s60x60_tt6&_nc_cat=100&ccb=1-7&_nc_sid=c53f8f&_nc_ohc=_mrER7GY5SEQ7kNvwHM9JNd&_nc_oc=AdoZQRb1sZuXKSxZ7eb_BUDYrE5BI1DBT5mv8mF26-dy1352N2y9pffsFb6eJtaTuWA&_nc_zt=14&_nc_ht=scontent-fra5-1.xx&_nc_gid=yFyQLQZapYPHGM4kZ9HEnw&_nc_ss=79289&oh=00_AQKQPnKIOuxziGRLWYTDDmAxNyUEuHzeSQfvVl6ihRuTRg&oe=6AB042BD,https://play.google.com/store/apps/details?id=com.ss.android.ugc.tiktok.lite&gl=jp,​ / 非アクティブ / ライブラリID: 9079987928678353 / 2024/11/17〜2025/12/31 / プラットフォーム / ​ / ​ / EUの透明性 / ​ / ドロップダウンを開く
​,ライブラリID: 9079987928678353,https://scontent-fra5-1.xx.fbcdn.net/v/t39.35426-6/463315346_507763025575231_7326210286062871726_n.jpg?stp=dst-jpg_s60x60_tt6&_nc_cat=100&ccb=1-7&_nc_sid=c53f8f&_nc_ohc=_mrER7GY5SEQ7kNvwHM9JNd&_nc_oc=AdoZQRb1sZuXKSxZ7eb_BUDYrE5BI1DBT5mv8mF26-dy1352N2y9pffsFb6eJtaTuWA&_nc_zt=14&_nc_ht=scontent-fra5-1.xx&_nc_gid=yFyQLQZapYPHGM4kZ9HEnw&_nc_ss=79289&oh=00_AQKQPnKIOuxziGRLWYTDDmAxNyUEuHzeSQfvVl6ihRuTRg&oe=6AB042BD,https://play.google.com/store/apps/details?id=com.ss.android.ugc.tiktok.lite&gl=jp,​ / 非アクティブ / ライブラリID: 9079987928678353 / 2024/11/17〜2025/12/31 / プラットフォーム / ​ / ​ / EUの透明性 / ​ / ドロップダウンを開く
​,ライブラリID: 9079987928678353,なし,なし,​ / 非アクティブ / ライブラリID: 9079987928678353 / 2024/11/17〜2025/12/31 / プラットフォーム / ​ / ​ / EUの透明性 / ​ / ドロップダウンを開く
​,ライブラリID: 9079987928678353,なし,なし,​ / 非アクティブ / ライブラリID: 9079987928678353 / 2024/11/17〜2025/12/31 / プラットフォーム / ​ / ​ / EUの透明性 / ​ / ドロップダウンを開く
​,ライブラリID: 9079987928678353,なし,なし,​ / 非アクティブ / ライブラリID: 9079987928678353 / 2024/11/17〜2025/12/31 / プラットフォーム / ​ / ​ / EUの透明性 / ​
​,ライブラリID: 4532663680385928,https://scontent-fra3-1.xx.fbcdn.net/v/t39.35426-6/737422232_2238776040281978_4428277408776564972_n.jpg?stp=dst-jpg_s60x60_tt6&_nc_cat=105&ccb=1-7&_nc_sid=c53f8f&_nc_ohc=JXKz4DJrZugQ7kNvwEd_HRR&_nc_oc=AdreXtzTYKbUVrK4hFeqH5cYMwVYTUSE1_9HEx4zUprjtU-8cKvqiAZuVqomdlSC1T0&_nc_zt=14&_nc_ht=scontent-fra3-1.xx&_nc_gid=yFyQLQZapYPHGM4kZ9HEnw&_nc_ss=79289&oh=00_AQIAWm1A_jxxqhtQo6FLF6wxl9rR3uPrxXmr50En0CctHQ&oe=6AB03CB0,https://play.google.com/store/apps/details?id=com.zhiliaoapp.musically,​ / アクティブ / ライブラリID: 4532663680385928 / 掲載開始日: 2026/07/03 / プラットフォーム / ​ / ​ / ​ / ​ / ​
​,ライブラリID: 4532663680385928,https://scontent-fra3-1.xx.fbcdn.net/v/t39.35426-6/737422232_2238776040281978_4428277408776564972_n.jpg?stp=dst-jpg_s60x60_tt6&_nc_cat=105&ccb=1-7&_nc_sid=c53f8f&_nc_ohc=JXKz4DJrZugQ7kNvwEd_HRR&_nc_oc=AdreXtzTYKbUVrK4hFeqH5cYMwVYTUSE1_9HEx4zUprjtU-8cKvqiAZuVqomdlSC1T0&_nc_zt=14&_nc_ht=scontent-fra3-1.xx&_nc_gid=yFyQLQZapYPHGM4kZ9HEnw&_nc_ss=79289&oh=00_AQIAWm1A_jxxqhtQo6FLF6wxl9rR3uPrxXmr50En0CctHQ&oe=6AB03CB0,https://play.google.com/store/apps/details?id=com.zhiliaoapp.musically,​ / アクティブ / ライブラリID: 4532663680385928 / 掲載開始日: 2026/07/03 / プラットフォーム / ​ / ​ / ​ / ​ / ​
​,ライブラリID: 4532663680385928,なし,なし,​ / アクティブ / ライブラリID: 4532663680385928 / 掲載開始日: 2026/07/03 / プラットフォーム / ​ / ​ / ​ / ​ / ​
​,ライブラリID: 4532663680385928,なし,なし,​ / アクティブ / ライブラリID: 4532663680385928 / 掲載開始日: 2026/07/03 / プラットフォーム / ​ / ​ / ​ / ​ / ​
​,ライブラリID: 4532663680385928,なし,なし,​ / アクティブ / ライブラリID: 4532663680385928 / 掲載開始日: 2026/07/03 / プラットフォーム / ​ / ​ / ​ / ​ / ​
​,ライブラリID: 1301451124611926,https://scontent-fra3-1.xx.fbcdn.net/v/t39.35426-6/560176223_2018260095412321_2338187822486042654_n.jpg?stp=dst-jpg_s60x60_tt6&_nc_cat=105&ccb=1-7&_nc_sid=c53f8f&_nc_ohc=h0mvyNicaPEQ7kNvwHgU2h_&_nc_oc=AdoXufdEQ5iHtKTvr2yQ8dHdS7-y-4i1WjBBV21tI35oNIkF2cP0ucOSWSAH_S1ojSc&_nc_zt=14&_nc_ht=scontent-fra3-1.xx&_nc_gid=yFyQLQZapYPHGM4kZ9HEnw&_nc_ss=79289&oh=00_AQI8Z_DOtoFwTuj9-swk2RMoxGtc_2GrXpR-dtmnjGNyLg&oe=6AB04050,https://www.wetracked.io/,​ / 非アクティブ / ライブラリID: 1301451124611926 / 2025/10/14〜2026/01/16 / プラットフォーム / ​ / ​ / ​ / ​ / 広告3件がこのクリエイティブとテキストを使用
​,ライブラリID: 1301451124611926,https://scontent-fra3-1.xx.fbcdn.net/v/t39.35426-6/560176223_2018260095412321_2338187822486042654_n.jpg?stp=dst-jpg_s60x60_tt6&_nc_cat=105&ccb=1-7&_nc_sid=c53f8f&_nc_ohc=h0mvyNicaPEQ7kNvwHgU2h_&_nc_oc=AdoXufdEQ5iHtKTvr2yQ8dHdS7-y-4i1WjBBV21tI35oNIkF2cP0ucOSWSAH_S1ojSc&_nc_zt=14&_nc_ht=scontent-fra3-1.xx&_nc_gid=yFyQLQZapYPHGM4kZ9HEnw&_nc_ss=79289&oh=00_AQI8Z_DOtoFwTuj9-swk2RMoxGtc_2GrXpR-dtmnjGNyLg&oe=6AB04050,https://www.wetracked.io/,​ / 非アクティブ / ライブラリID: 1301451124611926 / 2025/10/14〜2026/01/16 / プラットフォーム / ​ / ​ / ​ / ​ / 広告3件がこのクリエイティブとテキストを使用
​,ライブラリID: 1301451124611926,なし,なし,​ / 非アクティブ / ライブラリID: 1301451124611926 / 2025/10/14〜2026/01/16 / プラットフォーム / ​ / ​ / ​ / ​ / 広告3件がこのクリエイティブとテキストを使用
​,ライブラリID: 1301451124611926,なし,なし,​ / 非アクティブ / ライブラリID: 1301451124611926 / 2025/10/14〜2026/01/16 / プラットフォーム / ​ / ​ / ​ / ​ / 広告3件がこのクリエイティブとテキストを使用
​,ライブラリID: 1301451124611926,なし,なし,​ / 非アクティブ / ライブラリID: 1301451124611926 / 2025/10/14〜2026/01/16 / プラットフォーム / ​ / ​ / ​ / ​ / 広告3件がこのクリエイティブとテキストを使用
​,ライブラリID: 3209968812486521,https://scontent-fra5-2.xx.fbcdn.net/v/t39.35426-6/482224999_2067202667116810_4628647145814259371_n.jpg?stp=dst-jpg_s60x60_tt6&_nc_cat=109&ccb=1-7&_nc_sid=c53f8f&_nc_ohc=jEUiVS-nsuUQ7kNvwG-NGIW&_nc_oc=Adrh1aLS1pyk983Ks9kMFoOuyFgigRI4-hnMHrNRuxp6wnD6PW56Du8ddF1nTVF517I&_nc_zt=14&_nc_ht=scontent-fra5-2.xx&_nc_gid=yFyQLQZapYPHGM4kZ9HEnw&_nc_ss=79289&oh=00_AQLdo2DA0mXhWoeMkMlEN5UzPN_y_dXy27xjVgfnrcApGQ&oe=6AB01834,https://play.google.com/store/apps/details?id=com.ss.android.ugc.tiktok.lite&gl=jp,​ / アクティブ / ライブラリID: 3209968812486521 / 掲載開始日: 2025/06/16 / プラットフォーム / ​ / ​ / ​ / ​ / ドロップダウンを開く
​,ライブラリID: 3209968812486521,https://scontent-fra5-2.xx.fbcdn.net/v/t39.35426-6/482224999_2067202667116810_4628647145814259371_n.jpg?stp=dst-jpg_s60x60_tt6&_nc_cat=109&ccb=1-7&_nc_sid=c53f8f&_nc_ohc=jEUiVS-nsuUQ7kNvwG-NGIW&_nc_oc=Adrh1aLS1pyk983Ks9kMFoOuyFgigRI4-hnMHrNRuxp6wnD6PW56Du8ddF1nTVF517I&_nc_zt=14&_nc_ht=scontent-fra5-2.xx&_nc_gid=yFyQLQZapYPHGM4kZ9HEnw&_nc_ss=79289&oh=00_AQLdo2DA0mXhWoeMkMlEN5UzPN_y_dXy27xjVgfnrcApGQ&oe=6AB01834,https://play.google.com/store/apps/details?id=com.ss.android.ugc.tiktok.lite&gl=jp,​ / アクティブ / ライブラリID: 3209968812486521 / 掲載開始日: 2025/06/16 / プラットフォーム / ​ / ​ / ​ / ​ / ドロップダウンを開く
​,ライブラリID: 3209968812486521,なし,なし,​ / アクティブ / ライブラリID: 3209968812486521 / 掲載開始日: 2025/06/16 / プラットフォーム / ​ / ​ / ​ / ​ / ドロップダウンを開く
​,ライブラリID: 3209968812486521,なし,なし,​ / アクティブ / ライブラリID: 3209968812486521 / 掲載開始日: 2025/06/16 / プラットフォーム / ​ / ​ / ​ / ​ / ドロップダウンを開く
​,ライブラリID: 3209968812486521,なし,なし,​ / アクティブ / ライブラリID: 3209968812486521 / 掲載開始日: 2025/06/16 / プラットフォーム / ​ / ​ / ​ / ​
​,ライブラリID: 1442964710877154,https://scontent-fra5-2.xx.fbcdn.net/v/t39.35426-6/616841923_673223555877773_7002822980180289865_n.jpg?stp=dst-jpg_s60x60_tt6&_nc_cat=107&ccb=1-7&_nc_sid=c53f8f&_nc_ohc=rBLduiJ4JD8Q7kNvwEBkJfb&_nc_oc=AdoOukM_7O9YSDCaTI1xbayUe9U6inSkyjvRYG1z8jYpubS-KQqRk_wEu_8TddffTZE&_nc_zt=14&_nc_ht=scontent-fra5-2.xx&_nc_gid=yFyQLQZapYPHGM4kZ9HEnw&_nc_ss=79289&oh=00_AQL_DQp1DUWx2PUKKv9odrrC_tK2G_EVf74RwSe9qvJ_Fw&oe=6AB0321B,https://www.tiktok.com/,​ / アクティブ / ライブラリID: 1442964710877154 / 掲載開始日: 2026/01/21 / プラットフォーム / ​ / ​ / ​ / ​ / ​
​,ライブラリID: 1442964710877154,https://scontent-fra5-2.xx.fbcdn.net/v/t39.35426-6/616841923_673223555877773_7002822980180289865_n.jpg?stp=dst-jpg_s60x60_tt6&_nc_cat=107&ccb=1-7&_nc_sid=c53f8f&_nc_ohc=rBLduiJ4JD8Q7kNvwEBkJfb&_nc_oc=AdoOukM_7O9YSDCaTI1xbayUe9U6inSkyjvRYG1z8jYpubS-KQqRk_wEu_8TddffTZE&_nc_zt=14&_nc_ht=scontent-fra5-2.xx&_nc_gid=yFyQLQZapYPHGM4kZ9HEnw&_nc_ss=79289&oh=00_AQL_DQp1DUWx2PUKKv9odrrC_tK2G_EVf74RwSe9qvJ_Fw&oe=6AB0321B,https://www.tiktok.com/,​ / アクティブ / ライブラリID: 1442964710877154 / 掲載開始日: 2026/01/21 / プラットフォーム / ​ / ​ / ​ / ​ / ​
​,ライブラリID: 1442964710877154,なし,なし,​ / アクティブ / ライブラリID: 1442964710877154 / 掲載開始日: 2026/01/21 / プラットフォーム / ​ / ​ / ​ / ​ / ​
​,ライブラリID: 1442964710877154,なし,なし,​ / アクティブ / ライブラリID: 1442964710877154 / 掲載開始日: 2026/01/21 / プラットフォーム / ​ / ​ / ​ / ​ / ​
​,ライブラリID: 1442964710877154,なし,なし,​ / アクティブ / ライブラリID: 1442964710877154 / 掲載開始日: 2026/01/21 / プラットフォーム / ​ / ​ / ​ / ​ / ​
​,ライブラリID: 1366865698168543,https://scontent-fra3-2.xx.fbcdn.net/v/t39.35426-6/594556283_1118718303808839_1533986320115961019_n.jpg?stp=dst-jpg_s60x60_tt6&_nc_cat=104&ccb=1-7&_nc_sid=c53f8f&_nc_ohc=OISBVV5GDSAQ7kNvwFO0taa&_nc_oc=Adp4ERr4s3wGbvy7YkaEsXPg1rlUa4MWt2OUN5DjxUeCBW6pPWYgcJDWoQIwkYeMMSc&_nc_zt=14&_nc_ht=scontent-fra3-2.xx&_nc_gid=yFyQLQZapYPHGM4kZ9HEnw&_nc_ss=79289&oh=00_AQLWfAlHMYC4_VWdk1bp9_LwTrZSGEpJ5GNhWm5ZSz0TAw&oe=6AB0307A,https://www.wetracked.io/,​ / 非アクティブ / ライブラリID: 1366865698168543 / 2025/12/04〜2026/02/04 / プラットフォーム / ​ / ​ / ​ / ​ / ​
​,ライブラリID: 1366865698168543,https://scontent-fra3-2.xx.fbcdn.net/v/t39.35426-6/594556283_1118718303808839_1533986320115961019_n.jpg?stp=dst-jpg_s60x60_tt6&_nc_cat=104&ccb=1-7&_nc_sid=c53f8f&_nc_ohc=OISBVV5GDSAQ7kNvwFO0taa&_nc_oc=Adp4ERr4s3wGbvy7YkaEsXPg1rlUa4MWt2OUN5DjxUeCBW6pPWYgcJDWoQIwkYeMMSc&_nc_zt=14&_nc_ht=scontent-fra3-2.xx&_nc_gid=yFyQLQZapYPHGM4kZ9HEnw&_nc_ss=79289&oh=00_AQLWfAlHMYC4_VWdk1bp9_LwTrZSGEpJ5GNhWm5ZSz0TAw&oe=6AB0307A,https://www.wetracked.io/,​ / 非アクティブ / ライブラリID: 1366865698168543 / 2025/12/04〜2026/02/04 / プラットフォーム / ​ / ​ / ​ / ​ / ​
​,ライブラリID: 1366865698168543,なし,なし,​ / 非アクティブ / ライブラリID: 1366865698168543 / 2025/12/04〜2026/02/04 / プラットフォーム / ​ / ​ / ​ / ​ / ​
​,ライブラリID: 1366865698168543,なし,なし,​ / 非アクティブ / ライブラリID: 1366865698168543 / 2025/12/04〜2026/02/04 / プラットフォーム / ​ / ​ / ​ / ​ / ​
​,ライブラリID: 1366865698168543,なし,なし,​ / 非アクティブ / ライブラリID: 1366865698168543 / 2025/12/04〜2026/02/04 / プラットフォーム / ​ / ​ / ​ / ​ / ​
​,ライブラリID: 875890091876921,https://scontent-fra5-2.xx.fbcdn.net/v/t39.35426-6/580139199_1186293976711291_6042568764415995221_n.jpg?stp=dst-jpg_s60x60_tt6&_nc_cat=106&ccb=1-7&_nc_sid=c53f8f&_nc_ohc=LZrcnLXc7N8Q7kNvwHJeQa7&_nc_oc=Ado8rUSMMzpUJGmnLnlKQjUnXgwICeXLLglfh6HHaHJ9jJM166-390vI95biHrYpzgc&_nc_zt=14&_nc_ht=scontent-fra5-2.xx&_nc_gid=yFyQLQZapYPHGM4kZ9HEnw&_nc_ss=79289&oh=00_AQKnFw1an-P5gQ8sSPCDtv6Ile38a8hU_YKB2iFzgNXwAg&oe=6AB039EF,https://respond.io/customers/how-emax-boosts-appointment-bookings?utm_source=facebook&utm_medium=paidsocial&utm_campaign=2025%20Meta%20Retargeting%20Leads%20Multi-Region-Sales&utm_term=Emax,​ / 非アクティブ / ライブラリID: 875890091876921 / 2026/02/22〜2026/04/09 / プラットフォーム / ​ / ​ / ​ / ​ / この広告には複数のバージョンがあります。
​,ライブラリID: 875890091876921,https://scontent-fra5-2.xx.fbcdn.net/v/t39.35426-6/580139199_1186293976711291_6042568764415995221_n.jpg?stp=dst-jpg_s60x60_tt6&_nc_cat=106&ccb=1-7&_nc_sid=c53f8f&_nc_ohc=LZrcnLXc7N8Q7kNvwHJeQa7&_nc_oc=Ado8rUSMMzpUJGmnLnlKQjUnXgwICeXLLglfh6HHaHJ9jJM166-390vI95biHrYpzgc&_nc_zt=14&_nc_ht=scontent-fra5-2.xx&_nc_gid=yFyQLQZapYPHGM4kZ9HEnw&_nc_ss=79289&oh=00_AQKnFw1an-P5gQ8sSPCDtv6Ile38a8hU_YKB2iFzgNXwAg&oe=6AB039EF,https://respond.io/customers/how-emax-boosts-appointment-bookings?utm_source=facebook&utm_medium=paidsocial&utm_campaign=2025%20Meta%20Retargeting%20Leads%20Multi-Region-Sales&utm_term=Emax,​ / 非アクティブ / ライブラリID: 875890091876921 / 2026/02/22〜2026/04/09 / プラットフォーム / ​ / ​ / ​ / ​ / この広告には複数のバージョンがあります。
​,ライブラリID: 875890091876921,なし,なし,​ / 非アクティブ / ライブラリID: 875890091876921 / 2026/02/22〜2026/04/09 / プラットフォーム / ​ / ​ / ​ / ​ / この広告には複数のバージョンがあります。
​,ライブラリID: 875890091876921,なし,なし,​ / 非アクティブ / ライブラリID: 875890091876921 / 2026/02/22〜2026/04/09 / プラットフォーム / ​ / ​ / ​ / ​ / この広告には複数のバージョンがあります。
​,ライブラリID: 875890091876921,なし,なし,​ / 非アクティブ / ライブラリID: 875890091876921 / 2026/02/22〜2026/04/09 / プラットフォーム / ​ / ​ / ​ / ​ / この広告には複数のバージョンがあります。
​,ライブラリID: 1262600758639064,https://scontent-fra5-1.xx.fbcdn.net/v/t39.35426-6/497952547_1147965463858110_5550968504755475314_n.jpg?stp=dst-jpg_s60x60_tt6&_nc_cat=110&ccb=1-7&_nc_sid=c53f8f&_nc_ohc=XrlZjA4OsD4Q7kNvwGX4rf9&_nc_oc=AdoDteEptDlGZDkNRU9_5Ft24tinlEFoKlxIUXkazduvxOIz-V-acS4JXyjDFWVkImU&_nc_zt=14&_nc_ht=scontent-fra5-1.xx&_nc_gid=yFyQLQZapYPHGM4kZ9HEnw&_nc_ss=79289&oh=00_AQJAZZ35mOrQHSaVU2v32fyQspWi5Qp7jO_1BVcaHmfHvQ&oe=6AB02841,https://www.wetracked.io/,​ / 非アクティブ / ライブラリID: 1262600758639064 / 2025/06/05〜2025/12/04 / プラットフォーム / ​ / ​ / ​ / ​ / ​
​,ライブラリID: 1262600758639064,https://scontent-fra5-1.xx.fbcdn.net/v/t39.35426-6/497952547_1147965463858110_5550968504755475314_n.jpg?stp=dst-jpg_s60x60_tt6&_nc_cat=110&ccb=1-7&_nc_sid=c53f8f&_nc_ohc=XrlZjA4OsD4Q7kNvwGX4rf9&_nc_oc=AdoDteEptDlGZDkNRU9_5Ft24tinlEFoKlxIUXkazduvxOIz-V-acS4JXyjDFWVkImU&_nc_zt=14&_nc_ht=scontent-fra5-1.xx&_nc_gid=yFyQLQZapYPHGM4kZ9HEnw&_nc_ss=79289&oh=00_AQJAZZ35mOrQHSaVU2v32fyQspWi5Qp7jO_1BVcaHmfHvQ&oe=6AB02841,https://www.wetracked.io/,​ / 非アクティブ / ライブラリID: 1262600758639064 / 2025/06/05〜2025/12/04 / プラットフォーム / ​ / ​ / ​ / ​ / ​
​,ライブラリID: 1262600758639064,なし,なし,​ / 非アクティブ / ライブラリID: 1262600758639064 / 2025/06/05〜2025/12/04 / プラットフォーム / ​ / ​ / ​ / ​ / ​
​,ライブラリID: 1262600758639064,なし,なし,​ / 非アクティブ / ライブラリID: 1262600758639064 / 2025/06/05〜2025/12/04 / プラットフォーム / ​ / ​ / ​ / ​ / ​
​,ライブラリID: 1262600758639064,なし,なし,​ / 非アクティブ / ライブラリID: 1262600758639064 / 2025/06/05〜2025/12/04 / プラットフォーム / ​ / ​ / ​ / ​ / ​
​,ライブラリID: 1024374703456375,https://scontent-fra5-2.xx.fbcdn.net/v/t39.35426-6/701663944_1867448793932670_3980669496623454242_n.jpg?stp=dst-jpg_s60x60_tt6&_nc_cat=107&ccb=1-7&_nc_sid=c53f8f&_nc_ohc=ZWP8PqQNDCoQ7kNvwFG5FVB&_nc_oc=AdolMFnNXmm-OKvxmaZ-VSJ7nzqXRWzS_HFNZTjkLyy681hWL_LKBYzr7T5fYJYUi_I&_nc_zt=14&_nc_ht=scontent-fra5-2.xx&_nc_gid=yFyQLQZapYPHGM4kZ9HEnw&_nc_ss=79289&oh=00_AQLC2_7T4_TWtjLMBXq-gsedAJ4x_SMA2U8-At_k3qCKew&oe=6AB043FB,http://play.google.com/store/apps/details?id=com.widgetkit.widget.theme.wallpaper.icon.sceen.scape,​ / 非アクティブ / ライブラリID: 1024374703456375 / 2026/05/19〜2026/06/03 / プラットフォーム / ​ / ​ / ​ / ​ / ​
​,ライブラリID: 1024374703456375,https://scontent-fra5-2.xx.fbcdn.net/v/t39.35426-6/701663944_1867448793932670_3980669496623454242_n.jpg?stp=dst-jpg_s60x60_tt6&_nc_cat=107&ccb=1-7&_nc_sid=c53f8f&_nc_ohc=ZWP8PqQNDCoQ7kNvwFG5FVB&_nc_oc=AdolMFnNXmm-OKvxmaZ-VSJ7nzqXRWzS_HFNZTjkLyy681hWL_LKBYzr7T5fYJYUi_I&_nc_zt=14&_nc_ht=scontent-fra5-2.xx&_nc_gid=yFyQLQZapYPHGM4kZ9HEnw&_nc_ss=79289&oh=00_AQLC2_7T4_TWtjLMBXq-gsedAJ4x_SMA2U8-At_k3qCKew&oe=6AB043FB,http://play.google.com/store/apps/details?id=com.widgetkit.widget.theme.wallpaper.icon.sceen.scape,​ / 非アクティブ / ライブラリID: 1024374703456375 / 2026/05/19〜2026/06/03 / プラットフォーム / ​ / ​ / ​ / ​ / ​
​,ライブラリID: 1024374703456375,なし,なし,​ / 非アクティブ / ライブラリID: 1024374703456375 / 2026/05/19〜2026/06/03 / プラットフォーム / ​ / ​ / ​ / ​ / ​
​,ライブラリID: 1024374703456375,なし,なし,​ / 非アクティブ / ライブラリID: 1024374703456375 / 2026/05/19〜2026/06/03 / プラットフォーム / ​ / ​ / ​ / ​ / ​
​,ライブラリID: 1024374703456375,なし,なし,​ / 非アクティブ / ライブラリID: 1024374703456375 / 2026/05/19〜2026/06/03 / プラットフォーム / ​ / ​ / ​ / ​ / ​
​,ライブラリID: 1344073600001744,https://scontent-fra5-1.xx.fbcdn.net/v/t39.35426-6/483480326_978934647548626_8563626518172892479_n.jpg?stp=dst-jpg_s60x60_tt6&_nc_cat=110&ccb=1-7&_nc_sid=c53f8f&_nc_ohc=vb2LJKqkRWkQ7kNvwHju3Y9&_nc_oc=AdoK6aFBQLiFbyP6b6gcp-KdOcaNowCMcZQzCwc31Hm9wO4ogD2GPAzGIxW1zzqBw0M&_nc_zt=14&_nc_ht=scontent-fra5-1.xx&_nc_gid=yFyQLQZapYPHGM4kZ9HEnw&_nc_ss=79289&oh=00_AQJTk512_JeO3D2tuL0yYYslSPXjM9qCzsbzA0cwpFD8pg&oe=6AB04449,https://play.google.com/store/apps/details?id=com.ss.android.ugc.tiktok.lite&gl=jp,​ / アクティブ / ライブラリID: 1344073600001744 / 掲載開始日: 2025/06/16 / プラットフォーム / ​ / ​ / ​ / ​ / ドロップダウンを開く
​,ライブラリID: 1344073600001744,https://scontent-fra5-1.xx.fbcdn.net/v/t39.35426-6/483480326_978934647548626_8563626518172892479_n.jpg?stp=dst-jpg_s60x60_tt6&_nc_cat=110&ccb=1-7&_nc_sid=c53f8f&_nc_ohc=vb2LJKqkRWkQ7kNvwHju3Y9&_nc_oc=AdoK6aFBQLiFbyP6b6gcp-KdOcaNowCMcZQzCwc31Hm9wO4ogD2GPAzGIxW1zzqBw0M&_nc_zt=14&_nc_ht=scontent-fra5-1.xx&_nc_gid=yFyQLQZapYPHGM4kZ9HEnw&_nc_ss=79289&oh=00_AQJTk512_JeO3D2tuL0yYYslSPXjM9qCzsbzA0cwpFD8pg&oe=6AB04449,https://play.google.com/store/apps/details?id=com.ss.android.ugc.tiktok.lite&gl=jp,​ / アクティブ / ライブラリID: 1344073600001744 / 掲載開始日: 2025/06/16 / プラットフォーム / ​ / ​ / ​ / ​ / ドロップダウンを開く
​,ライブラリID: 1344073600001744,なし,なし,​ / アクティブ / ライブラリID: 1344073600001744 / 掲載開始日: 2025/06/16 / プラットフォーム / ​ / ​ / ​ / ​ / ドロップダウンを開く
​,ライブラリID: 1344073600001744,なし,なし,​ / アクティブ / ライブラリID: 1344073600001744 / 掲載開始日: 2025/06/16 / プラットフォーム / ​ / ​ / ​ / ​ / ドロップダウンを開く
​,ライブラリID: 1344073600001744,なし,なし,​ / アクティブ / ライブラリID: 1344073600001744 / 掲載開始日: 2025/06/16 / プラットフォーム / ​ / ​ / ​ / ​
​,ライブラリID: 1079336093837815,https://scontent-fra3-1.cdninstagram.com/v/t51.2885-19/355419374_1258098905093918_6053730268409981645_n.jpg?stp=dst-jpg_s206x206_tt6&_nc_cat=105&ccb=7-5&_nc_sid=525117&efg=eyJ2ZW5jb2RlX3RhZyI6InByb2ZpbGVfcGljLnd3dy4xMDgwLkMzIn0%3D&_nc_ohc=buLQRAIiPYMQ7kNvwGp8Aue&_nc_oc=Adp0QDmsFw8uZ_3nvc9q2yBamtkNuRyOqUduqYv4ZFE1WuIfLQbuwc673YNyR4s4x94&_nc_zt=24&_nc_ht=scontent-fra3-1.cdninstagram.com&_nc_ss=79289&oh=00_AQIZ2Xbnz4Ri4aWcRu6FljbJ3xJR9GW-hBvip-zJ1x38Cg&oe=6AB035FF,https://www.instagram.com/_u/dr.yuzawa,​ / アクティブ / ライブラリID: 1079336093837815 / 掲載開始日: 2024/10/20 / プラットフォーム / ​ / 広告2件がこのクリエイティブとテキストを使用 / ドロップダウンを開く / ​ / 概要詳細を見る
​,ライブラリID: 1079336093837815,https://scontent-fra3-1.cdninstagram.com/v/t51.2885-19/355419374_1258098905093918_6053730268409981645_n.jpg?stp=dst-jpg_s206x206_tt6&_nc_cat=105&ccb=7-5&_nc_sid=525117&efg=eyJ2ZW5jb2RlX3RhZyI6InByb2ZpbGVfcGljLnd3dy4xMDgwLkMzIn0%3D&_nc_ohc=buLQRAIiPYMQ7kNvwGp8Aue&_nc_oc=Adp0QDmsFw8uZ_3nvc9q2yBamtkNuRyOqUduqYv4ZFE1WuIfLQbuwc673YNyR4s4x94&_nc_zt=24&_nc_ht=scontent-fra3-1.cdninstagram.com&_nc_ss=79289&oh=00_AQIZ2Xbnz4Ri4aWcRu6FljbJ3xJR9GW-hBvip-zJ1x38Cg&oe=6AB035FF,https://www.instagram.com/_u/dr.yuzawa,​ / アクティブ / ライブラリID: 1079336093837815 / 掲載開始日: 2024/10/20 / プラットフォーム / ​ / 広告2件がこのクリエイティブとテキストを使用 / ドロップダウンを開く / ​ / 概要詳細を見る
​,ライブラリID: 1079336093837815,なし,なし,​ / アクティブ / ライブラリID: 1079336093837815 / 掲載開始日: 2024/10/20 / プラットフォーム / ​ / 広告2件がこのクリエイティブとテキストを使用 / ドロップダウンを開く / ​
​,ライブラリID: 1079336093837815,なし,なし,​ / アクティブ / ライブラリID: 1079336093837815 / 掲載開始日: 2024/10/20 / プラットフォーム / ​ / 広告2件がこのクリエイティブとテキストを使用 / ドロップダウンを開く / ​
​,ライブラリID: 1079336093837815,なし,なし,​ / アクティブ / ライブラリID: 1079336093837815 / 掲載開始日: 2024/10/20 / プラットフォーム / ​ / 広告2件がこのクリエイティブとテキストを使用
​,ライブラリID: 830331502684738,https://scontent-fra3-1.xx.fbcdn.net/v/t39.35426-6/561831465_1517867955985562_8268559799010840080_n.jpg?stp=dst-jpg_s60x60_tt6&_nc_cat=101&ccb=1-7&_nc_sid=c53f8f&_nc_ohc=T0EJ-fTDJrAQ7kNvwHKIIB4&_nc_oc=AdoLWoaL3-GTO03bO2YQjNAqwv7oCEGGGL58dVn1tF8QfSqxxrTc0pURmBqvMQXPl_M&_nc_zt=14&_nc_ht=scontent-fra3-1.xx&_nc_gid=yFyQLQZapYPHGM4kZ9HEnw&_nc_ss=79289&oh=00_AQKwup6A2EyHocjX3a8f8cG6ub3J2_GEryvpMTIA22mijw&oe=6AB02B9A,なし,​ / 非アクティブ / ライブラリID: 830331502684738 / 2025/10/17〜2025/10/22 / プラットフォーム / ​ / EUの透明性 / ​ / ドロップダウンを開く / ​
​,ライブラリID: 830331502684738,https://scontent-fra3-1.xx.fbcdn.net/v/t39.35426-6/561831465_1517867955985562_8268559799010840080_n.jpg?stp=dst-jpg_s60x60_tt6&_nc_cat=101&ccb=1-7&_nc_sid=c53f8f&_nc_ohc=T0EJ-fTDJrAQ7kNvwHKIIB4&_nc_oc=AdoLWoaL3-GTO03bO2YQjNAqwv7oCEGGGL58dVn1tF8QfSqxxrTc0pURmBqvMQXPl_M&_nc_zt=14&_nc_ht=scontent-fra3-1.xx&_nc_gid=yFyQLQZapYPHGM4kZ9HEnw&_nc_ss=79289&oh=00_AQKwup6A2EyHocjX3a8f8cG6ub3J2_GEryvpMTIA22mijw&oe=6AB02B9A,なし,​ / 非アクティブ / ライブラリID: 830331502684738 / 2025/10/17〜2025/10/22 / プラットフォーム / ​ / EUの透明性 / ​ / ドロップダウンを開く / ​
​,ライブラリID: 830331502684738,なし,なし,​ / 非アクティブ / ライブラリID: 830331502684738 / 2025/10/17〜2025/10/22 / プラットフォーム / ​ / EUの透明性 / ​ / ドロップダウンを開く / ​
​,ライブラリID: 830331502684738,なし,なし,​ / 非アクティブ / ライブラリID: 830331502684738 / 2025/10/17〜2025/10/22 / プラットフォーム / ​ / EUの透明性 / ​ / ドロップダウンを開く / ​
​,ライブラリID: 830331502684738,なし,なし,​ / 非アクティブ / ライブラリID: 830331502684738 / 2025/10/17〜2025/10/22 / プラットフォーム / ​ / EUの透明性 / ​
​,ライブラリID: 711772888602862,https://scontent-fra5-2.xx.fbcdn.net/v/t39.35426-6/573397525_1342408417262009_5321185044136399037_n.jpg?stp=dst-jpg_s60x60_tt6&_nc_cat=109&ccb=1-7&_nc_sid=c53f8f&_nc_ohc=R3asZWr6DDkQ7kNvwGPkVKk&_nc_oc=AdouTyXu6-wjt_nbaVvxHRq3Gxh7li9Y6xthUuaT5kLFlCozA-p166MikgAsYKHLgyo&_nc_zt=14&_nc_ht=scontent-fra5-2.xx&_nc_gid=yFyQLQZapYPHGM4kZ9HEnw&_nc_ss=79289&oh=00_AQL4DdgTtpG8VHFwUodhDP3AE2zS4iz6Mhk_-fGPmDtVqw&oe=6AB03DDC,なし,​ / 非アクティブ / ライブラリID: 711772888602862 / 2025/10/30～2025/11/01・合計アクティブ時間22時間 / プラットフォーム / ​ / EUの透明性 / ​ / ドロップダウンを開く / ​
​,ライブラリID: 711772888602862,https://scontent-fra5-2.xx.fbcdn.net/v/t39.35426-6/573397525_1342408417262009_5321185044136399037_n.jpg?stp=dst-jpg_s60x60_tt6&_nc_cat=109&ccb=1-7&_nc_sid=c53f8f&_nc_ohc=R3asZWr6DDkQ7kNvwGPkVKk&_nc_oc=AdouTyXu6-wjt_nbaVvxHRq3Gxh7li9Y6xthUuaT5kLFlCozA-p166MikgAsYKHLgyo&_nc_zt=14&_nc_ht=scontent-fra5-2.xx&_nc_gid=yFyQLQZapYPHGM4kZ9HEnw&_nc_ss=79289&oh=00_AQL4DdgTtpG8VHFwUodhDP3AE2zS4iz6Mhk_-fGPmDtVqw&oe=6AB03DDC,なし,​ / 非アクティブ / ライブラリID: 711772888602862 / 2025/10/30～2025/11/01・合計アクティブ時間22時間 / プラットフォーム / ​ / EUの透明性 / ​ / ドロップダウンを開く / ​
​,ライブラリID: 711772888602862,なし,なし,​ / 非アクティブ / ライブラリID: 711772888602862 / 2025/10/30～2025/11/01・合計アクティブ時間22時間 / プラットフォーム / ​ / EUの透明性 / ​ / ドロップダウンを開く / ​
​,ライブラリID: 711772888602862,なし,なし,​ / 非アクティブ / ライブラリID: 711772888602862 / 2025/10/30～2025/11/01・合計アクティブ時間22時間 / プラットフォーム / ​ / EUの透明性 / ​ / ドロップダウンを開く / ​
​,ライブラリID: 711772888602862,なし,なし,​ / 非アクティブ / ライブラリID: 711772888602862 / 2025/10/30～2025/11/01・合計アクティブ時間22時間 / プラットフォーム / ​ / EUの透明性 / ​
​,ライブラリID: 721030700332091,https://scontent-fra3-2.xx.fbcdn.net/v/t39.35426-6/482327987_1162760235505063_7975073323731048367_n.jpg?stp=dst-jpg_s60x60_tt6&_nc_cat=104&ccb=1-7&_nc_sid=c53f8f&_nc_ohc=zusxV3QBI6QQ7kNvwHK4GR7&_nc_oc=AdqOBmDfHjj4JZAtey9s7nJ0UggBDK1QMv1eB6lCkJC74We-FgUPuF0f746k5SYZsvw&_nc_zt=14&_nc_ht=scontent-fra3-2.xx&_nc_gid=yFyQLQZapYPHGM4kZ9HEnw&_nc_ss=79289&oh=00_AQJJd-o1dT3yudEbX6VGA93GjrBvzKcVW3TRRGoWJe2k8Q&oe=6AB01904,https://play.google.com/store/apps/details?id=com.ss.android.ugc.tiktok.lite&gl=jp,​ / アクティブ / ライブラリID: 721030700332091 / 掲載開始日: 2025/06/16 / プラットフォーム / ​ / ​ / ​ / ​ / ドロップダウンを開く
​,ライブラリID: 721030700332091,https://scontent-fra3-2.xx.fbcdn.net/v/t39.35426-6/482327987_1162760235505063_7975073323731048367_n.jpg?stp=dst-jpg_s60x60_tt6&_nc_cat=104&ccb=1-7&_nc_sid=c53f8f&_nc_ohc=zusxV3QBI6QQ7kNvwHK4GR7&_nc_oc=AdqOBmDfHjj4JZAtey9s7nJ0UggBDK1QMv1eB6lCkJC74We-FgUPuF0f746k5SYZsvw&_nc_zt=14&_nc_ht=scontent-fra3-2.xx&_nc_gid=yFyQLQZapYPHGM4kZ9HEnw&_nc_ss=79289&oh=00_AQJJd-o1dT3yudEbX6VGA93GjrBvzKcVW3TRRGoWJe2k8Q&oe=6AB01904,https://play.google.com/store/apps/details?id=com.ss.android.ugc.tiktok.lite&gl=jp,​ / アクティブ / ライブラリID: 721030700332091 / 掲載開始日: 2025/06/16 / プラットフォーム / ​ / ​ / ​ / ​ / ドロップダウンを開く
​,ライブラリID: 721030700332091,なし,なし,​ / アクティブ / ライブラリID: 721030700332091 / 掲載開始日: 2025/06/16 / プラットフォーム / ​ / ​ / ​ / ​ / ドロップダウンを開く
​,ライブラリID: 721030700332091,なし,なし,​ / アクティブ / ライブラリID: 721030700332091 / 掲載開始日: 2025/06/16 / プラットフォーム / ​ / ​ / ​ / ​ / ドロップダウンを開く
​,ライブラリID: 721030700332091,なし,なし,​ / アクティブ / ライブラリID: 721030700332091 / 掲載開始日: 2025/06/16 / プラットフォーム / ​ / ​ / ​ / ​
​,ライブラリID: 1403239084810690,https://scontent-fra3-2.xx.fbcdn.net/v/t39.35426-6/608117114_1786642565370528_4388405953734164117_n.jpg?stp=dst-jpg_s60x60_tt6&_nc_cat=111&ccb=1-7&_nc_sid=c53f8f&_nc_ohc=WVYUCbo-IXkQ7kNvwEXjwXQ&_nc_oc=AdqBf9auPXQVKHecDWlk1nNnK1HRF5EKFFPJ0kSLa7oq0JnSwCg8_y-bpIVR7dLsNVI&_nc_zt=14&_nc_ht=scontent-fra3-2.xx&_nc_gid=yFyQLQZapYPHGM4kZ9HEnw&_nc_ss=79289&oh=00_AQI_Rq5pZvqyDp5rd-aqZNy3DP42t6At_pWbYj-PSVwz-w&oe=6AB01581,なし,​ / 非アクティブ / ライブラリID: 1403239084810690 / 2025/12/31～2026/01/01・合計アクティブ時間2時間 / プラットフォーム / ​ / EUの透明性 / ​ / ドロップダウンを開く / ​
​,ライブラリID: 1403239084810690,https://scontent-fra3-2.xx.fbcdn.net/v/t39.35426-6/608117114_1786642565370528_4388405953734164117_n.jpg?stp=dst-jpg_s60x60_tt6&_nc_cat=111&ccb=1-7&_nc_sid=c53f8f&_nc_ohc=WVYUCbo-IXkQ7kNvwEXjwXQ&_nc_oc=AdqBf9auPXQVKHecDWlk1nNnK1HRF5EKFFPJ0kSLa7oq0JnSwCg8_y-bpIVR7dLsNVI&_nc_zt=14&_nc_ht=scontent-fra3-2.xx&_nc_gid=yFyQLQZapYPHGM4kZ9HEnw&_nc_ss=79289&oh=00_AQI_Rq5pZvqyDp5rd-aqZNy3DP42t6At_pWbYj-PSVwz-w&oe=6AB01581,なし,​ / 非アクティブ / ライブラリID: 1403239084810690 / 2025/12/31～2026/01/01・合計アクティブ時間2時間 / プラットフォーム / ​ / EUの透明性 / ​ / ドロップダウンを開く / ​
​,ライブラリID: 1403239084810690,なし,なし,​ / 非アクティブ / ライブラリID: 1403239084810690 / 2025/12/31～2026/01/01・合計アクティブ時間2時間 / プラットフォーム / ​ / EUの透明性 / ​ / ドロップダウンを開く / ​
​,ライブラリID: 1403239084810690,なし,なし,​ / 非アクティブ / ライブラリID: 1403239084810690 / 2025/12/31～2026/01/01・合計アクティブ時間2時間 / プラットフォーム / ​ / EUの透明性 / ​ / ドロップダウンを開く / ​
​,ライブラリID: 1403239084810690,なし,なし,​ / 非アクティブ / ライブラリID: 1403239084810690 / 2025/12/31～2026/01/01・合計アクティブ時間2時間 / プラットフォーム / ​ / EUの透明性 / ​
​,ライブラリID: 1260242742132013,https://scontent-fra3-1.xx.fbcdn.net/v/t39.35426-6/482807683_552388910561081_2457644308298495793_n.jpg?stp=dst-jpg_s60x60_tt6&_nc_cat=105&ccb=1-7&_nc_sid=c53f8f&_nc_ohc=tj-xAVrUjZQQ7kNvwFmd-25&_nc_oc=Adrfi7Ipe_bUw_lDq0Hhsyr7PA9hTsYCxsDZUTjOF4sqPDIVaMdYKUs7OBZaP1GdEUU&_nc_zt=14&_nc_ht=scontent-fra3-1.xx&_nc_gid=yFyQLQZapYPHGM4kZ9HEnw&_nc_ss=79289&oh=00_AQImTn6eVNv3q8H90hjVxL2m36X6P2qzWAUIKcVUhEOLuw&oe=6AB02870,https://play.google.com/store/apps/details?id=com.ss.android.ugc.tiktok.lite&gl=jp,​ / アクティブ / ライブラリID: 1260242742132013 / 掲載開始日: 2025/06/16 / プラットフォーム / ​ / ​ / ​ / ​ / ドロップダウンを開く
​,ライブラリID: 1260242742132013,https://scontent-fra3-1.xx.fbcdn.net/v/t39.35426-6/482807683_552388910561081_2457644308298495793_n.jpg?stp=dst-jpg_s60x60_tt6&_nc_cat=105&ccb=1-7&_nc_sid=c53f8f&_nc_ohc=tj-xAVrUjZQQ7kNvwFmd-25&_nc_oc=Adrfi7Ipe_bUw_lDq0Hhsyr7PA9hTsYCxsDZUTjOF4sqPDIVaMdYKUs7OBZaP1GdEUU&_nc_zt=14&_nc_ht=scontent-fra3-1.xx&_nc_gid=yFyQLQZapYPHGM4kZ9HEnw&_nc_ss=79289&oh=00_AQImTn6eVNv3q8H90hjVxL2m36X6P2qzWAUIKcVUhEOLuw&oe=6AB02870,https://play.google.com/store/apps/details?id=com.ss.android.ugc.tiktok.lite&gl=jp,​ / アクティブ / ライブラリID: 1260242742132013 / 掲載開始日: 2025/06/16 / プラットフォーム / ​ / ​ / ​ / ​ / ドロップダウンを開く
​,ライブラリID: 1260242742132013,なし,なし,​ / アクティブ / ライブラリID: 1260242742132013 / 掲載開始日: 2025/06/16 / プラットフォーム / ​ / ​ / ​ / ​ / ドロップダウンを開く
​,ライブラリID: 1260242742132013,なし,なし,​ / アクティブ / ライブラリID: 1260242742132013 / 掲載開始日: 2025/06/16 / プラットフォーム / ​ / ​ / ​ / ​ / ドロップダウンを開く
​,ライブラリID: 1260242742132013,なし,なし,​ / アクティブ / ライブラリID: 1260242742132013 / 掲載開始日: 2025/06/16 / プラットフォーム / ​ / ​ / ​ / ​
​,ライブラリID: 1898613500800539,https://scontent-fra5-2.xx.fbcdn.net/v/t39.35426-6/703844547_1015234841014357_7270600489145568842_n.jpg?stp=dst-jpg_s60x60_tt6&_nc_cat=107&ccb=1-7&_nc_sid=c53f8f&_nc_ohc=GDxaOXY-Ao4Q7kNvwHQ1_Oa&_nc_oc=AdpNVgmIXZ_t_cdJeZ8-__C5Cb4uxXY9X6Br8dMx3kM-0SFW0RV0QqMyNfgpOJ8MhEs&_nc_zt=14&_nc_ht=scontent-fra5-2.xx&_nc_gid=yFyQLQZapYPHGM4kZ9HEnw&_nc_ss=79289&oh=00_AQL8qAb0aZa_SoZhnnT0QwvD4y0WftExgCGcEJaQ9mANGw&oe=6AB03805,http://play.google.com/store/apps/details?id=com.widgetkit.widget.theme.wallpaper.icon.sceen.scape,​ / 非アクティブ / ライブラリID: 1898613500800539 / 2026/05/21〜2026/06/02 / プラットフォーム / ​ / ​ / ​ / ​ / ​
​,ライブラリID: 1898613500800539,https://scontent-fra5-2.xx.fbcdn.net/v/t39.35426-6/703844547_1015234841014357_7270600489145568842_n.jpg?stp=dst-jpg_s60x60_tt6&_nc_cat=107&ccb=1-7&_nc_sid=c53f8f&_nc_ohc=GDxaOXY-Ao4Q7kNvwHQ1_Oa&_nc_oc=AdpNVgmIXZ_t_cdJeZ8-__C5Cb4uxXY9X6Br8dMx3kM-0SFW0RV0QqMyNfgpOJ8MhEs&_nc_zt=14&_nc_ht=scontent-fra5-2.xx&_nc_gid=yFyQLQZapYPHGM4kZ9HEnw&_nc_ss=79289&oh=00_AQL8qAb0aZa_SoZhnnT0QwvD4y0WftExgCGcEJaQ9mANGw&oe=6AB03805,http://play.google.com/store/apps/details?id=com.widgetkit.widget.theme.wallpaper.icon.sceen.scape,​ / 非アクティブ / ライブラリID: 1898613500800539 / 2026/05/21〜2026/06/02 / プラットフォーム / ​ / ​ / ​ / ​ / ​
​,ライブラリID: 1898613500800539,なし,なし,​ / 非アクティブ / ライブラリID: 1898613500800539 / 2026/05/21〜2026/06/02 / プラットフォーム / ​ / ​ / ​ / ​ / ​
​,ライブラリID: 1898613500800539,なし,なし,​ / 非アクティブ / ライブラリID: 1898613500800539 / 2026/05/21〜2026/06/02 / プラットフォーム / ​ / ​ / ​ / ​ / ​
​,ライブラリID: 1898613500800539,なし,なし,​ / 非アクティブ / ライブラリID: 1898613500800539 / 2026/05/21〜2026/06/02 / プラットフォーム / ​ / ​ / ​ / ​ / ​
​,ライブラリID: 2136253303528806,https://scontent-fra5-1.xx.fbcdn.net/v/t39.35426-6/541136711_753439744067132_8226781268338459941_n.jpg?stp=dst-jpg_s60x60_tt6&_nc_cat=100&ccb=1-7&_nc_sid=c53f8f&_nc_ohc=T62TW9e-OgIQ7kNvwFC9EVv&_nc_oc=AdoVc5603sr_3-LkXgLT3x5HQOYzflGjgg4qxUBkvbb28DWUQ1MRimp66B14WgKo4Eg&_nc_zt=14&_nc_ht=scontent-fra5-1.xx&_nc_gid=yFyQLQZapYPHGM4kZ9HEnw&_nc_ss=79289&oh=00_AQK83coK2FWxdVHLIfzsA8GJ2gaalczC_ICvWp7OwEmm9A&oe=6AB0476B,http://play.google.com/store/apps/details?id=com.widgetkit.widget.theme.wallpaper.icon.sceen.scape,​ / 非アクティブ / ライブラリID: 2136253303528806 / 2025/09/03〜2025/10/13 / プラットフォーム / ​ / ​ / ​ / ​ / EUの透明性
​,ライブラリID: 2136253303528806,https://scontent-fra5-1.xx.fbcdn.net/v/t39.35426-6/541136711_753439744067132_8226781268338459941_n.jpg?stp=dst-jpg_s60x60_tt6&_nc_cat=100&ccb=1-7&_nc_sid=c53f8f&_nc_ohc=T62TW9e-OgIQ7kNvwFC9EVv&_nc_oc=AdoVc5603sr_3-LkXgLT3x5HQOYzflGjgg4qxUBkvbb28DWUQ1MRimp66B14WgKo4Eg&_nc_zt=14&_nc_ht=scontent-fra5-1.xx&_nc_gid=yFyQLQZapYPHGM4kZ9HEnw&_nc_ss=79289&oh=00_AQK83coK2FWxdVHLIfzsA8GJ2gaalczC_ICvWp7OwEmm9A&oe=6AB0476B,http://play.google.com/store/apps/details?id=com.widgetkit.widget.theme.wallpaper.icon.sceen.scape,​ / 非アクティブ / ライブラリID: 2136253303528806 / 2025/09/03〜2025/10/13 / プラットフォーム / ​ / ​ / ​ / ​ / EUの透明性
​,ライブラリID: 2136253303528806,なし,なし,​ / 非アクティブ / ライブラリID: 2136253303528806 / 2025/09/03〜2025/10/13 / プラットフォーム / ​ / ​ / ​ / ​ / EUの透明性
​,ライブラリID: 2136253303528806,なし,なし,​ / 非アクティブ / ライブラリID: 2136253303528806 / 2025/09/03〜2025/10/13 / プラットフォーム / ​ / ​ / ​ / ​ / EUの透明性
​,ライブラリID: 2136253303528806,なし,なし,​ / 非アクティブ / ライブラリID: 2136253303528806 / 2025/09/03〜2025/10/13 / プラットフォーム / ​ / ​ / ​ / ​ / EUの透明性
​,ライブラリID: 31486842027598207,https://scontent-fra3-1.xx.fbcdn.net/v/t39.35426-6/543125657_1502995490704240_600430082690939806_n.jpg?stp=dst-jpg_s60x60_tt6&_nc_cat=108&ccb=1-7&_nc_sid=c53f8f&_nc_ohc=9n9pH8vz1ikQ7kNvwExsUXb&_nc_oc=AdpU_IKPqfj46NPWlFgPEUy2UcJ8XIeMbgx-9bwXjg3n6F9TQ9EYJvRTAQSlTYbYjps&_nc_zt=14&_nc_ht=scontent-fra3-1.xx&_nc_gid=yFyQLQZapYPHGM4kZ9HEnw&_nc_ss=79289&oh=00_AQLA2-ZBzbKwLAlSIEDshY3fSZ6Gl0Az0G8aHy6QLma20Q&oe=6AB013ED,http://business-explained.com/shop/sales-strategies-explained/,​ / 非アクティブ / ライブラリID: 31486842027598207 / 2025/09/03〜2026/09/11 / プラットフォーム / ​ / ​ / ​ / ​ / ​
​,ライブラリID: 31486842027598207,https://scontent-fra3-1.xx.fbcdn.net/v/t39.35426-6/543125657_1502995490704240_600430082690939806_n.jpg?stp=dst-jpg_s60x60_tt6&_nc_cat=108&ccb=1-7&_nc_sid=c53f8f&_nc_ohc=9n9pH8vz1ikQ7kNvwExsUXb&_nc_oc=AdpU_IKPqfj46NPWlFgPEUy2UcJ8XIeMbgx-9bwXjg3n6F9TQ9EYJvRTAQSlTYbYjps&_nc_zt=14&_nc_ht=scontent-fra3-1.xx&_nc_gid=yFyQLQZapYPHGM4kZ9HEnw&_nc_ss=79289&oh=00_AQLA2-ZBzbKwLAlSIEDshY3fSZ6Gl0Az0G8aHy6QLma20Q&oe=6AB013ED,http://business-explained.com/shop/sales-strategies-explained/,​ / 非アクティブ / ライブラリID: 31486842027598207 / 2025/09/03〜2026/09/11 / プラットフォーム / ​ / ​ / ​ / ​ / ​
​,ライブラリID: 31486842027598207,なし,なし,​ / 非アクティブ / ライブラリID: 31486842027598207 / 2025/09/03〜2026/09/11 / プラットフォーム / ​ / ​ / ​ / ​ / ​
​,ライブラリID: 31486842027598207,なし,なし,​ / 非アクティブ / ライブラリID: 31486842027598207 / 2025/09/03〜2026/09/11 / プラットフォーム / ​ / ​ / ​ / ​ / ​
​,ライブラリID: 31486842027598207,なし,なし,​ / 非アクティブ / ライブラリID: 31486842027598207 / 2025/09/03〜2026/09/11 / プラットフォーム / ​ / ​ / ​ / ​ / ​
​,ライブラリID: 25787917550871913,https://scontent-fra5-2.xx.fbcdn.net/v/t39.35426-6/634246336_1351929513640690_8313605127347945440_n.jpg?stp=dst-jpg_s60x60_tt6&_nc_cat=107&ccb=1-7&_nc_sid=c53f8f&_nc_ohc=DBRNcUyo-y4Q7kNvwGWwDxT&_nc_oc=AdpYuHXOayQDdlj-eOzrNb3pdczDgET_ty4ha5SYayLQPQc7E7yVGUytK41yF6eX_00&_nc_zt=14&_nc_ht=scontent-fra5-2.xx&_nc_gid=yFyQLQZapYPHGM4kZ9HEnw&_nc_ss=79289&oh=00_AQJHM79nN-IVBKmHq96-5Hqt_eVliFThr9dWtk0vdvC0ig&oe=6AB02F97,https://www.instagram.com/hongkongv/,​ / 非アクティブ / ライブラリID: 25787917550871913 / 2026/02/12〜2026/02/16 / プラットフォーム / ​ / EUの透明性 / ​ / ドロップダウンを開く / ​
​,ライブラリID: 25787917550871913,https://scontent-fra5-2.xx.fbcdn.net/v/t39.35426-6/634246336_1351929513640690_8313605127347945440_n.jpg?stp=dst-jpg_s60x60_tt6&_nc_cat=107&ccb=1-7&_nc_sid=c53f8f&_nc_ohc=DBRNcUyo-y4Q7kNvwGWwDxT&_nc_oc=AdpYuHXOayQDdlj-eOzrNb3pdczDgET_ty4ha5SYayLQPQc7E7yVGUytK41yF6eX_00&_nc_zt=14&_nc_ht=scontent-fra5-2.xx&_nc_gid=yFyQLQZapYPHGM4kZ9HEnw&_nc_ss=79289&oh=00_AQJHM79nN-IVBKmHq96-5Hqt_eVliFThr9dWtk0vdvC0ig&oe=6AB02F97,https://www.instagram.com/hongkongv/,​ / 非アクティブ / ライブラリID: 25787917550871913 / 2026/02/12〜2026/02/16 / プラットフォーム / ​ / EUの透明性 / ​ / ドロップダウンを開く / ​
​,ライブラリID: 25787917550871913,なし,なし,​ / 非アクティブ / ライブラリID: 25787917550871913 / 2026/02/12〜2026/02/16 / プラットフォーム / ​ / EUの透明性 / ​ / ドロップダウンを開く / ​
​,ライブラリID: 25787917550871913,なし,なし,​ / 非アクティブ / ライブラリID: 25787917550871913 / 2026/02/12〜2026/02/16 / プラットフォーム / ​ / EUの透明性 / ​ / ドロップダウンを開く / ​
​,ライブラリID: 25787917550871913,なし,なし,​ / 非アクティブ / ライブラリID: 25787917550871913 / 2026/02/12〜2026/02/16 / プラットフォーム / ​ / EUの透明性 / ​
​,ライブラリID: 1173904888006390,https://scontent-fra3-2.xx.fbcdn.net/v/t39.35426-6/579558404_702224245806696_9220917288110732382_n.jpg?stp=dst-jpg_s60x60_tt6&_nc_cat=111&ccb=1-7&_nc_sid=c53f8f&_nc_ohc=r3ulSe3pqoIQ7kNvwFHO9ph&_nc_oc=AdrDjKY_RQcLbSjYA4l9nAKOf5lfO3EvlzOoBI96AeScDLv31QMIq-RB4Fu3J-OygDg&_nc_zt=14&_nc_ht=scontent-fra3-2.xx&_nc_gid=yFyQLQZapYPHGM4kZ9HEnw&_nc_ss=79289&oh=00_AQKA0IQBph0LgeIL4nDALRbP3aUaBAKBAtz0ANvZNcDxGg&oe=6AB0370B,なし,​ / 非アクティブ / ライブラリID: 1173904888006390 / 2025/11/09〜2025/11/11 / プラットフォーム / ​ / ​ / ​ / ​ / EUの透明性
​,ライブラリID: 1173904888006390,https://scontent-fra3-2.xx.fbcdn.net/v/t39.35426-6/579558404_702224245806696_9220917288110732382_n.jpg?stp=dst-jpg_s60x60_tt6&_nc_cat=111&ccb=1-7&_nc_sid=c53f8f&_nc_ohc=r3ulSe3pqoIQ7kNvwFHO9ph&_nc_oc=AdrDjKY_RQcLbSjYA4l9nAKOf5lfO3EvlzOoBI96AeScDLv31QMIq-RB4Fu3J-OygDg&_nc_zt=14&_nc_ht=scontent-fra3-2.xx&_nc_gid=yFyQLQZapYPHGM4kZ9HEnw&_nc_ss=79289&oh=00_AQKA0IQBph0LgeIL4nDALRbP3aUaBAKBAtz0ANvZNcDxGg&oe=6AB0370B,なし,​ / 非アクティブ / ライブラリID: 1173904888006390 / 2025/11/09〜2025/11/11 / プラットフォーム / ​ / ​ / ​ / ​ / EUの透明性
​,ライブラリID: 1173904888006390,なし,なし,​ / 非アクティブ / ライブラリID: 1173904888006390 / 2025/11/09〜2025/11/11 / プラットフォーム / ​ / ​ / ​ / ​ / EUの透明性
​,ライブラリID: 1173904888006390,なし,なし,​ / 非アクティブ / ライブラリID: 1173904888006390 / 2025/11/09〜2025/11/11 / プラットフォーム / ​ / ​ / ​ / ​ / EUの透明性
​,ライブラリID: 1173904888006390,なし,なし,​ / 非アクティブ / ライブラリID: 1173904888006390 / 2025/11/09〜2025/11/11 / プラットフォーム / ​ / ​ / ​ / ​ / EUの透明性
​,ライブラリID: 1967908347490928,https://scontent-fra5-1.xx.fbcdn.net/v/t39.35426-6/687039160_2400149693815677_964749377016386145_n.jpg?stp=dst-jpg_s60x60_tt6&_nc_cat=110&ccb=1-7&_nc_sid=c53f8f&_nc_ohc=Cmc1_X2rfo4Q7kNvwGZr3-X&_nc_oc=AdqIDK11FwAdc_nTLaT2VihbjyVCqiRI4EOM13zSfJp4KaPod2cbLOKmB6vPia9mVsM&_nc_zt=14&_nc_ht=scontent-fra5-1.xx&_nc_gid=yFyQLQZapYPHGM4kZ9HEnw&_nc_ss=79289&oh=00_AQIfDgQOPdLnnpMm2IA5ZGiic8u6WUnkmLF2Y9PEEpiRkQ&oe=6AB037E7,https://transparency.meta.com/policies/ad-standards/,​ / 非アクティブ / ライブラリID: 1967908347490928 / 2026/05/01〜2026/05/28 / プラットフォーム / ​ / ​ / ​ / ​ / ​
​,ライブラリID: 1967908347490928,https://scontent-fra5-1.xx.fbcdn.net/v/t39.35426-6/687039160_2400149693815677_964749377016386145_n.jpg?stp=dst-jpg_s60x60_tt6&_nc_cat=110&ccb=1-7&_nc_sid=c53f8f&_nc_ohc=Cmc1_X2rfo4Q7kNvwGZr3-X&_nc_oc=AdqIDK11FwAdc_nTLaT2VihbjyVCqiRI4EOM13zSfJp4KaPod2cbLOKmB6vPia9mVsM&_nc_zt=14&_nc_ht=scontent-fra5-1.xx&_nc_gid=yFyQLQZapYPHGM4kZ9HEnw&_nc_ss=79289&oh=00_AQIfDgQOPdLnnpMm2IA5ZGiic8u6WUnkmLF2Y9PEEpiRkQ&oe=6AB037E7,https://transparency.meta.com/policies/ad-standards/,​ / 非アクティブ / ライブラリID: 1967908347490928 / 2026/05/01〜2026/05/28 / プラットフォーム / ​ / ​ / ​ / ​ / ​
​,ライブラリID: 1967908347490928,なし,なし,​ / 非アクティブ / ライブラリID: 1967908347490928 / 2026/05/01〜2026/05/28 / プラットフォーム / ​ / ​ / ​ / ​ / ​
​,ライブラリID: 1967908347490928,なし,なし,​ / 非アクティブ / ライブラリID: 1967908347490928 / 2026/05/01〜2026/05/28 / プラットフォーム / ​ / ​ / ​ / ​ / ​
​,ライブラリID: 1967908347490928,なし,なし,​ / 非アクティブ / ライブラリID: 1967908347490928 / 2026/05/01〜2026/05/28 / プラットフォーム / ​ / ​ / ​ / ​ / ​
​,ライブラリID: 1105683994825001,https://scontent-fra5-2.xx.fbcdn.net/v/t39.35426-6/596811703_1357794536018469_6469079946860375075_n.jpg?stp=dst-jpg_s60x60_tt6&_nc_cat=106&ccb=1-7&_nc_sid=c53f8f&_nc_ohc=bBUChbUoMMkQ7kNvwH8MCso&_nc_oc=AdoZaYzG1zRskKdikLG1Dk2iFloUX2ve4tEfbFKxPQwjKhwWA3HH8ur66lGwvhdnfp4&_nc_zt=14&_nc_ht=scontent-fra5-2.xx&_nc_gid=yFyQLQZapYPHGM4kZ9HEnw&_nc_ss=79289&oh=00_AQJ_LRrx36AduCHdxnbmnma0O9TgZoQoVW7XM8toMzmJ9Q&oe=6AB026D5,https://www.viral-strategies.com/10dayviralvfxpro,​ / 非アクティブ / ライブラリID: 1105683994825001 / 2025/12/09〜2026/01/04 / プラットフォーム / ​ / ​ / ​ / ​ / ​
​,ライブラリID: 1105683994825001,https://scontent-fra5-2.xx.fbcdn.net/v/t39.35426-6/596811703_1357794536018469_6469079946860375075_n.jpg?stp=dst-jpg_s60x60_tt6&_nc_cat=106&ccb=1-7&_nc_sid=c53f8f&_nc_ohc=bBUChbUoMMkQ7kNvwH8MCso&_nc_oc=AdoZaYzG1zRskKdikLG1Dk2iFloUX2ve4tEfbFKxPQwjKhwWA3HH8ur66lGwvhdnfp4&_nc_zt=14&_nc_ht=scontent-fra5-2.xx&_nc_gid=yFyQLQZapYPHGM4kZ9HEnw&_nc_ss=79289&oh=00_AQJ_LRrx36AduCHdxnbmnma0O9TgZoQoVW7XM8toMzmJ9Q&oe=6AB026D5,https://www.viral-strategies.com/10dayviralvfxpro,​ / 非アクティブ / ライブラリID: 1105683994825001 / 2025/12/09〜2026/01/04 / プラットフォーム / ​ / ​ / ​ / ​ / ​
​,ライブラリID: 1105683994825001,なし,なし,​ / 非アクティブ / ライブラリID: 1105683994825001 / 2025/12/09〜2026/01/04 / プラットフォーム / ​ / ​ / ​ / ​ / ​
​,ライブラリID: 1105683994825001,なし,なし,​ / 非アクティブ / ライブラリID: 1105683994825001 / 2025/12/09〜2026/01/04 / プラットフォーム / ​ / ​ / ​ / ​ / ​
​,ライブラリID: 1105683994825001,なし,なし,​ / 非アクティブ / ライブラリID: 1105683994825001 / 2025/12/09〜2026/01/04 / プラットフォーム / ​ / ​ / ​ / ​ / ​
​,ライブラリID: 1133929715626311,https://scontent-fra3-1.xx.fbcdn.net/v/t39.35426-6/788964574_1985743602086013_3531841678842075356_n.jpg?stp=dst-jpg_s60x60_tt6&_nc_cat=108&ccb=1-7&_nc_sid=c53f8f&_nc_ohc=yFZ2mr6vf6gQ7kNvwETG7sb&_nc_oc=AdoH--ju0LlcYXYsdZP3VmBMvHTedkwZT_ZkCbTXYyR1cSgMqhvQQrCMXCETRVVACVw&_nc_zt=14&_nc_ht=scontent-fra3-1.xx&_nc_gid=yFyQLQZapYPHGM4kZ9HEnw&_nc_ss=79289&oh=00_AQIQg_wnL_oXtC9jRGA4CzSLgZEqw7Mwr3XTgqSC-d4RPQ&oe=6AB02E17,https://event.monetise.com/lp,​ / 非アクティブ / ライブラリID: 1133929715626311 / 2026/09/01〜2026/09/08 / プラットフォーム / ​ / ​ / ​ / ​ / ​
​,ライブラリID: 1133929715626311,https://scontent-fra3-1.xx.fbcdn.net/v/t39.35426-6/788964574_1985743602086013_3531841678842075356_n.jpg?stp=dst-jpg_s60x60_tt6&_nc_cat=108&ccb=1-7&_nc_sid=c53f8f&_nc_ohc=yFZ2mr6vf6gQ7kNvwETG7sb&_nc_oc=AdoH--ju0LlcYXYsdZP3VmBMvHTedkwZT_ZkCbTXYyR1cSgMqhvQQrCMXCETRVVACVw&_nc_zt=14&_nc_ht=scontent-fra3-1.xx&_nc_gid=yFyQLQZapYPHGM4kZ9HEnw&_nc_ss=79289&oh=00_AQIQg_wnL_oXtC9jRGA4CzSLgZEqw7Mwr3XTgqSC-d4RPQ&oe=6AB02E17,https://event.monetise.com/lp,​ / 非アクティブ / ライブラリID: 1133929715626311 / 2026/09/01〜2026/09/08 / プラットフォーム / ​ / ​ / ​ / ​ / ​
​,ライブラリID: 1133929715626311,なし,なし,​ / 非アクティブ / ライブラリID: 1133929715626311 / 2026/09/01〜2026/09/08 / プラットフォーム / ​ / ​ / ​ / ​ / ​
​,ライブラリID: 1133929715626311,なし,なし,​ / 非アクティブ / ライブラリID: 1133929715626311 / 2026/09/01〜2026/09/08 / プラットフォーム / ​ / ​ / ​ / ​ / ​
​,ライブラリID: 1133929715626311,なし,なし,​ / 非アクティブ / ライブラリID: 1133929715626311 / 2026/09/01〜2026/09/08 / プラットフォーム / ​ / ​ / ​ / ​ / ​
